相对路径,文件,通道,采样率,时长(秒),故障类别,外圈方位,采样点位,尺寸(inch),载荷,RPM,均值,标准差,RMS,峭度,偏度,峰值,峰值因子
12kHz_DE_data\B\0007\B007_0.mat,B007_0.mat,DE,12000.0,3.0,滚动体,,,0.007,0.0,1796,0.0017327969079386973,0.1380672442969659,0.13807811750194968,-0.0430346185485484,-0.012352727375414074,0.5794689993652463,4.196675112963241
12kHz_DE_data\B\0007\B007_0.mat,B007_0.mat,FE,12000.0,3.0,滚动体,,,0.007,0.0,1796,-0.0002142474400625653,0.10534475400919198,0.1053449718744219,-0.24304103424559953,-0.008757141213079652,0.3785313932481434,3.593255439845554
12kHz_DE_data\B\0007\B007_0.mat,B007_0.mat,BA,12000.0,3.0,滚动体,,,0.007,0.0,1796,-8.300140484772425e-05,0.035473512597247465,0.03547360970101973,0.1268716823092526,0.028158418533761262,0.15994473402601492,4.508837284225324
12kHz_DE_data\B\0007\B007_1.mat,B007_1.mat,DE,12000.0,3.0,滚动体,,,0.007,1.0,1772,-0.0003049742472513151,0.13787117584373257,0.1378715131483836,0.019147893107860803,0.023122015026364077,0.6635408970738204,4.812748347511697
12kHz_DE_data\B\0007\B007_1.mat,B007_1.mat,FE,12000.0,3.0,滚动体,,,0.007,1.0,1772,0.00032814741911330004,0.08250368153469059,0.0825043341134653,-0.08979264299568479,-0.015476152508594314,0.3444506155101796,4.174939646642912
12kHz_DE_data\B\0007\B007_1.mat,B007_1.mat,BA,12000.0,3.0,滚动体,,,0.007,1.0,1772,0.0001195974238014896,0.03468104849439094,0.03468125470933939,-0.04566252003859139,0.03697237221440266,0.13829364577197165,3.9875617803046284
12kHz_DE_data\B\0007\B007_2.mat,B007_2.mat,DE,12000.0,3.0,滚动体,,,0.007,2.0,1748,0.0001760579455912268,0.1489521835348128,0.14895228758293294,-0.17348814663058398,0.02814337508145892,0.6000194379078888,4.028266014872802
12kHz_DE_data\B\0007\B007_2.mat,B007_2.mat,FE,12000.0,3.0,滚动体,,,0.007,2.0,1748,0.0014199140176386273,0.08538503768473615,0.08539684312807645,-0.06638793384950459,-0.022170443581289626,0.35059695547731085,4.105502529543073
12kHz_DE_data\B\0007\B007_2.mat,B007_2.mat,BA,12000.0,3.0,滚动体,,,0.007,2.0,1748,-6.65704946991496e-05,0.03685961489399507,0.03685967500893609,0.11627414519567303,0.035798013942510906,0.14783968494573774,4.010878688157076
12kHz_DE_data\B\0007\B007_3.mat,B007_3.mat,DE,12000.0,3.0,滚动体,,,0.007,3.0,1722,-0.0003201359292852271,0.15451562516362066,0.15451595680290672,-0.1702185441470565,0.01896580903040155,0.6138187468995668,3.972526589486969
12kHz_DE_data\B\0007\B007_3.mat,B007_3.mat,FE,12000.0,3.0,滚动体,,,0.007,3.0,1722,0.0011722056416579457,0.1210171727732344,0.1210228497933064,-0.2844461904454936,-0.11182698938957085,0.4692030439543017,3.876978973438887
12kHz_DE_data\B\0007\B007_3.mat,B007_3.mat,BA,12000.0,3.0,滚动体,,,0.007,3.0,1722,0.0004276638083744252,0.04514283546461052,0.04514486117065696,-0.04803028538999499,0.08210183287365878,0.17953280207688774,3.976815908198641
12kHz_DE_data\B\0014\B014_0.mat,B014_0.mat,DE,12000.0,3.0,滚动体,,,0.014,0.0,1796,0.00031124224747038293,0.1580216830117781,0.15802198952554514,18.436149960083412,0.24141682806632825,2.2564091582188612,14.279083341461792
12kHz_DE_data\B\0014\B014_0.mat,B014_0.mat,FE,12000.0,3.0,滚动体,,,0.014,0.0,1796,6.416027062145139e-05,0.0854988143578322,0.08549883843149787,0.7616925432912129,-0.016219760339393808,0.5473979685534497,6.402402402133543
12kHz_DE_data\B\0014\B014_0.mat,B014_0.mat,BA,12000.0,3.0,滚动体,,,0.014,0.0,1796,0.0004799896926445713,0.04626997282864066,0.04627246239036983,0.64767804742077,0.04991161775117933,0.28511497212587905,6.161655494374919
12kHz_DE_data\B\0014\B014_1.mat,B014_1.mat,DE,12000.0,3.0,滚动体,,,0.014,1.0,1772,-2.87714167819456e-05,0.1484625660414491,0.14846256882933845,6.056780264291422,-0.005424355056048499,1.3083916945538412,8.812939886941274
12kHz_DE_data\B\0014\B014_1.mat,B014_1.mat,FE,12000.0,3.0,滚动体,,,0.014,1.0,1772,0.0003430639905837873,0.06756010736027636,0.06756097837830431,0.1849815411678386,0.0006111694949395854,0.3125121374235576,4.625630725382062
12kHz_DE_data\B\0014\B014_1.mat,B014_1.mat,BA,12000.0,3.0,滚动体,,,0.014,1.0,1772,-0.00033792051087672034,0.04598557586672914,0.04598681743789597,-0.25943508135775417,0.04884039760812151,0.1711109204090046,3.7208689346699315
12kHz_DE_data\B\0014\B014_2.mat,B014_2.mat,DE,12000.0,3.0,滚动体,,,0.014,2.0,1749,0.00024582433592972047,0.15738451886262916,0.15738471084328812,7.488257184729182,0.12543237314388925,1.8345112187049695,11.656222570003246
12kHz_DE_data\B\0014\B014_2.mat,B014_2.mat,FE,12000.0,3.0,滚动体,,,0.014,2.0,1749,0.001864526298297468,0.0767075065535288,0.07673016369053767,0.4123666530710679,-0.014544016613729307,0.46388327627746007,6.045644293792455
12kHz_DE_data\B\0014\B014_2.mat,B014_2.mat,BA,12000.0,3.0,滚动体,,,0.014,2.0,1749,0.00017908299398982025,0.048505826495310544,0.04850615708043574,0.5284431406130916,0.12307024447246002,0.3070295312333568,6.3297022422168485
12kHz_DE_data\B\0014\B014_3.mat,B014_3.mat,DE,12000.0,3.0,滚动体,,,0.014,3.0,1724,-8.544928354595916e-05,0.14369090754961306,0.14369093295685537,16.045631910353027,0.2496348783822355,1.9846451308495212,13.811902324034813
12kHz_DE_data\B\0014\B014_3.mat,B014_3.mat,FE,12000.0,3.0,滚动体,,,0.014,3.0,1724,0.0004888226381222266,0.12804841260910857,0.12804934564176443,-0.1999588587690475,-0.1089459187408495,0.6772196088265242,5.2887393171155965
12kHz_DE_data\B\0014\B014_3.mat,B014_3.mat,BA,12000.0,3.0,滚动体,,,0.014,3.0,1724,0.00015126402927397698,0.051591924126592054,0.05159214587406287,0.4112307162077493,0.327499779561602,0.3235681605376815,6.271655405214503
12kHz_DE_data\B\0021\B021_0.mat,B021_0.mat,DE,12000.0,3.0,滚动体,,,0.021,0.0,1796,-0.006613091444334204,0.12278891796829214,0.1229668709623657,0.8403604253283721,0.020473051270325376,0.8812651291156569,7.166687435556282
12kHz_DE_data\B\0021\B021_0.mat,B021_0.mat,FE,12000.0,3.0,滚动体,,,0.021,0.0,1796,0.0006436029184501027,0.09370185635161105,0.09370406665910816,-0.09686051726527545,-0.012008661263988446,0.5240168227164298,5.592252731386601
12kHz_DE_data\B\0021\B021_0.mat,B021_0.mat,BA,12000.0,3.0,滚动体,,,0.021,0.0,1796,-0.00018952324258536503,0.04164376446416825,0.04164419572769538,-0.059271047845382174,-0.020693466981804312,0.16425612781231833,3.94427422458492
12kHz_DE_data\B\0021\B021_1.mat,B021_1.mat,DE,12000.0,3.0,滚动体,,,0.021,1.0,1774,0.00019340878224315605,0.11478321293979676,0.11478337588579532,3.596109121082538,0.0391765155488349,1.314185954500806,11.449270805629261
12kHz_DE_data\B\0021\B021_1.mat,B021_1.mat,FE,12000.0,3.0,滚动体,,,0.021,1.0,1774,7.136769632256426e-05,0.07788886852766896,0.07788890122391366,0.4841217782199658,-0.04052772924554646,0.6216379505360006,7.981085119546449
12kHz_DE_data\B\0021\B021_1.mat,B021_1.mat,BA,12000.0,3.0,滚动体,,,0.021,1.0,1774,-0.0002050473422987799,0.03472039693219988,0.03472100239829056,-0.011717310004994097,-0.019591467731803463,0.1468804380780771,4.230305231202327
12kHz_DE_data\B\0021\B021_2.mat,B021_2.mat,DE,12000.0,3.0,滚动体,,,0.021,2.0,1754,0.0003332640259188196,0.10608123481059696,0.10608175829920986,0.24886053855522272,0.014490161563616906,0.5093864565641757,4.801828935823454
12kHz_DE_data\B\0021\B021_2.mat,B021_2.mat,FE,12000.0,3.0,滚动体,,,0.021,2.0,1754,0.00014729658029499591,0.0766718992091668,0.07667204069687462,-0.05427353426072479,-0.031170671696308726,0.3670878649136283,4.787766982294393
12kHz_DE_data\B\0021\B021_2.mat,B021_2.mat,BA,12000.0,3.0,滚动体,,,0.021,2.0,1754,0.00017734868720163934,0.035735182009252686,0.0357356220848507,0.019928388920102957,0.03795006018973953,0.145346393227261,4.067269149034272
12kHz_DE_data\B\0021\B021_3.mat,B021_3.mat,DE,12000.0,3.0,滚动体,,,0.021,3.0,1729,0.00020881335965522321,0.11732391866046388,0.11732410448354727,0.11321122193403577,0.017490657498225023,0.5096462868060957,4.3439179787437885
12kHz_DE_data\B\0021\B021_3.mat,B021_3.mat,FE,12000.0,3.0,滚动体,,,0.021,3.0,1729,-0.0004829241859745089,0.09247155016629602,0.09247281117132322,-0.06486475212778942,-0.04929451566913542,0.36978335399584367,3.998833271227698
12kHz_DE_data\B\0021\B021_3.mat,B021_3.mat,BA,12000.0,3.0,滚动体,,,0.021,3.0,1729,-9.446036024636806e-05,0.042793949668673885,0.042794053921130816,-0.1055083471140601,0.07992455447297672,0.16503435091571805,3.8564785476943917
12kHz_DE_data\B\0028\B028_0_(1797rpm).mat,B028_0_(1797rpm).mat,DE,12000.0,3.0,滚动体,,,0.028,0.0,1797,0.01207210507458175,2.018140669630564,2.0181767757403795,0.8880032255020147,0.05554437565666945,10.735533897191248,5.319421978410616
12kHz_DE_data\B\0028\B028_1_(1772rpm).mat,B028_1_(1772rpm).mat,DE,12000.0,3.0,滚动体,,,0.028,1.0,1772,0.007860565627937272,1.9882989732896614,1.9883145112573897,1.027151246966869,0.04621179419205188,10.64506267731127,5.353812295309076
12kHz_DE_data\B\0028\B028_2_(1750rpm).mat,B028_2_(1750rpm).mat,DE,12000.0,3.0,滚动体,,,0.028,2.0,1750,0.0048886669555743304,2.1333926015976856,2.1333982027779865,0.6602489926373325,0.039408898335839694,9.36090807757224,4.387792239340509
12kHz_DE_data\B\0028\B028_3_(1730rpm).mat,B028_3_(1730rpm).mat,DE,12000.0,3.0,滚动体,,,0.028,3.0,1730,0.007540872052673643,2.139585426618072,2.139598715308025,0.9975755363433993,0.043065685127600804,11.01291555285823,5.147187402041774
12kHz_DE_data\IR\0007\IR007_0.mat,IR007_0.mat,DE,12000.0,3.0,内圈,,,0.007,0.0,1797,0.0009141583799716935,0.29195300828408705,0.29195443947929933,2.3255811561736515,0.15097639476408806,1.689201470496849,5.785839302562206
12kHz_DE_data\IR\0007\IR007_0.mat,IR007_0.mat,FE,12000.0,3.0,内圈,,,0.007,0.0,1797,-0.0005498787644848298,0.2438894039653848,0.24389002384937009,0.320438515875475,-0.2133449858607602,1.1319955140170102,4.641417865931845
12kHz_DE_data\IR\0007\IR007_0.mat,IR007_0.mat,BA,12000.0,3.0,内圈,,,0.007,0.0,1797,9.067463888403693e-05,0.09064310216037005,0.09064314751345201,0.04573476830272716,0.0885823320465549,0.3560791952323559,3.928363091975723
12kHz_DE_data\IR\0007\IR007_1.mat,IR007_1.mat,DE,12000.0,3.0,内圈,,,0.007,1.0,1772,0.0002019513622406703,0.291363663823724,0.2913637338124578,2.534261635384807,0.13643377976117532,1.5709568166350283,5.39173766096163
12kHz_DE_data\IR\0007\IR007_1.mat,IR007_1.mat,FE,12000.0,3.0,内圈,,,0.007,1.0,1772,-0.0005851055605658574,0.23831835124892703,0.2383190695066678,0.28841144536260765,-0.14251612109859485,1.069434276671677,4.487405388437687
12kHz_DE_data\IR\0007\IR007_1.mat,IR007_1.mat,BA,12000.0,3.0,内圈,,,0.007,1.0,1772,-0.00026797796062171897,0.09587516600854325,0.09587554051661511,0.08729479422870456,0.028717229144126697,0.36721079008722907,3.8300779125578113
12kHz_DE_data\IR\0007\IR007_2.mat,IR007_2.mat,DE,12000.0,3.0,内圈,,,0.007,2.0,1748,0.0002198186916893413,0.29884757654223604,0.2988476573865435,2.5582286750479835,0.09055767114382082,1.635068278800361,5.471243419136083
12kHz_DE_data\IR\0007\IR007_2.mat,IR007_2.mat,FE,12000.0,3.0,内圈,,,0.007,2.0,1748,0.0006955289228301926,0.23122871773449416,0.23122976379700966,0.10815046947348828,0.029286465916268888,0.879226933299392,3.8023951539008687
12kHz_DE_data\IR\0007\IR007_2.mat,IR007_2.mat,BA,12000.0,3.0,内圈,,,0.007,2.0,1748,0.00045084279642929715,0.09599631979041282,0.095997378466968,0.32288790836718917,-0.0024175098952618746,0.36252801315807126,3.7764365959515707
12kHz_DE_data\IR\0007\IR007_3.mat,IR007_3.mat,DE,12000.0,3.0,内圈,,,0.007,3.0,1721,-0.00021957121279466492,0.31029675713652255,0.31029683482265746,2.2364055980573223,-0.00958423591496196,1.4823907723760237,4.777331271275286
12kHz_DE_data\IR\0007\IR007_3.mat,IR007_3.mat,FE,12000.0,3.0,内圈,,,0.007,3.0,1721,0.0003816360533197872,0.2242975429170743,0.22429786758842352,0.2202897285700507,-0.20814195675665834,1.1155234116739527,4.973401770010975
12kHz_DE_data\IR\0007\IR007_3.mat,IR007_3.mat,BA,12000.0,3.0,内圈,,,0.007,3.0,1721,0.0004694096158958677,0.09717542220666868,0.0971765559506603,0.29614528718353306,-0.1266827054892767,0.37231975873227435,3.8313742969169766
12kHz_DE_data\IR\0014\IR014_0.mat,IR014_0.mat,DE,12000.0,3.0,内圈,,,0.014,0.0,1796,0.0064715695989034545,0.19334327990701,0.19345155749766885,19.375506652593028,-0.055274894520046185,2.0452177083818017,10.572247310060801
12kHz_DE_data\IR\0014\IR014_0.mat,IR014_0.mat,FE,12000.0,3.0,内圈,,,0.014,0.0,1796,0.0002771004988396605,0.11746048422933074,0.11746081108214482,0.7003560606416914,0.003346582818041101,0.6867031008142916,5.846231560022636
12kHz_DE_data\IR\0014\IR014_0.mat,IR014_0.mat,BA,12000.0,3.0,内圈,,,0.014,0.0,1796,0.00017214274760475492,0.057911176733234884,0.057911432582466116,0.44945277025267627,0.05153939345421928,0.303724193770694,5.244632712861826
12kHz_DE_data\IR\0014\IR014_1.mat,IR014_1.mat,DE,12000.0,3.0,内圈,,,0.014,1.0,1774,0.0005939015666757331,0.1677869666115137,0.1677880177002044,17.42738716505487,0.007557607575256552,1.764995897001362,10.519201079989944
12kHz_DE_data\IR\0014\IR014_1.mat,IR014_1.mat,FE,12000.0,3.0,内圈,,,0.014,1.0,1774,-0.0004752506980512108,0.097441952955049,0.09744311191110422,0.866047171540619,0.013865366196635032,0.6990292201930007,7.173716094275743
12kHz_DE_data\IR\0014\IR014_1.mat,IR014_1.mat,BA,12000.0,3.0,内圈,,,0.014,1.0,1774,-0.00039541927125617403,0.04453897307479937,0.044540728316427254,0.1467056142960237,0.019975948369549662,0.22299565388055392,5.006556073720733
12kHz_DE_data\IR\0014\IR014_2.mat,IR014_2.mat,DE,12000.0,3.0,内圈,,,0.014,2.0,1752,-0.0003659157211019006,0.16240483207128306,0.16240524429468586,19.548235180313156,0.05902992085521829,1.6917061825651913,10.416573614430666
12kHz_DE_data\IR\0014\IR014_2.mat,IR014_2.mat,FE,12000.0,3.0,内圈,,,0.014,2.0,1752,-0.00022948150460666274,0.09294578878502385,0.09294607207747523,1.4461628189745355,-0.029578097062513308,0.7131816484743035,7.673069259772815
12kHz_DE_data\IR\0014\IR014_2.mat,IR014_2.mat,BA,12000.0,3.0,内圈,,,0.014,2.0,1752,6.064476780398097e-05,0.044967820303707336,0.04496786119724147,0.17818093744130525,0.05359504960950583,0.21904289034594482,4.87109870280826
12kHz_DE_data\IR\0014\IR014_3.mat,IR014_3.mat,DE,12000.0,3.0,内圈,,,0.014,3.0,1728,2.7519755227166753e-05,0.18230304870356434,0.18230305078070164,14.403473390991639,0.03228102570275032,1.8940672325219159,10.389662841135621
12kHz_DE_data\IR\0014\IR014_3.mat,IR014_3.mat,FE,12000.0,3.0,内圈,,,0.014,3.0,1728,5.100472018232629e-05,0.09749255850207435,0.09749257184402241,1.5405632150018764,-0.016428172179787568,0.7239939613404236,7.426144860541127
12kHz_DE_data\IR\0014\IR014_3.mat,IR014_3.mat,BA,12000.0,3.0,内圈,,,0.014,3.0,1728,9.943506743371726e-05,0.060301110470549,0.06030119245349954,0.018927246729815383,0.13170878147002213,0.27046832397940207,4.485289808953117
12kHz_DE_data\IR\0021\IR021_0.mat,IR021_0.mat,DE,12000.0,3.0,内圈,,,0.021,0.0,1797,0.0031284174590122445,0.5207080133620755,0.5207174110544771,4.936078329742853,0.30806965782397866,3.732420475930957,7.167842666087602
12kHz_DE_data\IR\0021\IR021_0.mat,IR021_0.mat,FE,12000.0,3.0,内圈,,,0.021,0.0,1797,0.0012077132614412925,0.22779949539807406,0.22780269681226126,0.5077687231813091,0.01750314910046749,1.0837131512412392,4.757244608628836
12kHz_DE_data\IR\0021\IR021_0.mat,IR021_0.mat,BA,12000.0,3.0,内圈,,,0.021,0.0,1797,-0.00015878508410238182,0.09319082188562923,0.09319095716013438,0.8399905338115676,0.16084798782204532,0.40969215455981456,4.396265121044109
12kHz_DE_data\IR\0021\IR021_1.mat,IR021_1.mat,DE,12000.0,3.0,内圈,,,0.021,1.0,1774,-0.00034054088596593285,0.43502703030234297,0.4350271635907011,4.536213330228617,0.2824817122966295,3.683016927175134,8.466176908990287
12kHz_DE_data\IR\0021\IR021_1.mat,IR021_1.mat,FE,12000.0,3.0,内圈,,,0.021,1.0,1774,0.00017513174297019952,0.17343134367621174,0.17343143210059608,0.756767899871527,0.06257094179882658,0.8910538993176358,5.137787819227569
12kHz_DE_data\IR\0021\IR021_1.mat,IR021_1.mat,BA,12000.0,3.0,内圈,,,0.021,1.0,1774,5.554698240379878e-05,0.07246825527959008,0.07246827656799276,1.00733434191699,0.1666822756931967,0.38502184569654824,5.312970915422622
12kHz_DE_data\IR\0021\IR021_2.mat,IR021_2.mat,DE,12000.0,3.0,内圈,,,0.021,2.0,1752,0.0005535425984597788,0.46965866650196475,0.4696589927062102,4.883495423653023,0.25758578982164004,3.2302488583835562,6.877860125216854
12kHz_DE_data\IR\0021\IR021_2.mat,IR021_2.mat,FE,12000.0,3.0,内圈,,,0.021,2.0,1752,0.0008751042043359213,0.16914283664467206,0.16914510041847108,1.0113872122219014,0.045517630413541656,0.9785889249619115,5.785499683649406
12kHz_DE_data\IR\0021\IR021_2.mat,IR021_2.mat,BA,12000.0,3.0,内圈,,,0.021,2.0,1752,-0.00027719133152803504,0.07067702198029091,0.07067756554265858,0.939007729701451,0.1686594355898509,0.4131377146625373,5.845386884656934
12kHz_DE_data\IR\0021\IR021_3.mat,IR021_3.mat,DE,12000.0,3.0,内圈,,,0.021,3.0,1728,0.000247069634364054,0.4434411534250355,0.44344122225423527,5.567652189413014,0.2932793079046913,3.067990443788833,6.9185954977137465
12kHz_DE_data\IR\0021\IR021_3.mat,IR021_3.mat,FE,12000.0,3.0,内圈,,,0.021,3.0,1728,0.0007657417350617606,0.16464292692704435,0.1646447076207094,0.9491100290412016,0.07095940807219726,0.8335838115330416,5.062925031598109
12kHz_DE_data\IR\0021\IR021_3.mat,IR021_3.mat,BA,12000.0,3.0,内圈,,,0.021,3.0,1728,-0.00018121168915429968,0.07273870348331711,0.0727389292065137,0.8669609511302707,0.20162469994286783,0.36517382748987637,5.020335485735682
12kHz_DE_data\IR\0028\IR028_0_(1797rpm).mat,IR028_0_(1797rpm).mat,DE,12000.0,3.0,内圈,,,0.028,0.0,1797,0.0003485736002266214,0.8373281351164183,0.8373282076707399,0.3720591939504656,0.11646972821314319,4.424253772625226,5.283774907013479
12kHz_DE_data\IR\0028\IR028_1_(1772rpm).mat,IR028_1_(1772rpm).mat,DE,12000.0,3.0,内圈,,,0.028,1.0,1772,-0.00020793093810065791,0.8368303352943879,0.8368303611271478,0.1673393916226975,0.10387097201574721,3.7670320564313435,4.50154802146212
12kHz_DE_data\IR\0028\IR028_2_(1750rpm).mat,IR028_2_(1750rpm).mat,DE,12000.0,3.0,内圈,,,0.028,2.0,1750,0.0008321337853931725,0.8382842642486051,0.8382846772627196,0.23080147826739328,0.15281570818598728,4.198644544545163,5.0086142075925135
12kHz_DE_data\IR\0028\IR028_3_(1730rpm).mat,IR028_3_(1730rpm).mat,DE,12000.0,3.0,内圈,,,0.028,3.0,1730,3.2751924362924405e-05,0.8241598512194989,0.8241598518702759,0.3017392964394232,0.16872623524296845,3.6959227225688074,4.484473144598836
12kHz_DE_data\OR\Centered\0007\OR007@6_0.mat,OR007@6_0.mat,DE,12000.0,3.0,外圈,6点位(Centered),,0.007,,1796,0.006361091573769313,0.6675070109011263,0.6675373196220314,4.590987040786991,0.05475504748795974,3.469183813172239,5.196988559585758
12kHz_DE_data\OR\Centered\0007\OR007@6_0.mat,OR007@6_0.mat,FE,12000.0,3.0,外圈,6点位(Centered),,0.007,,1796,-0.0003390693950530719,0.2547329803926062,0.2547332060563651,0.5500847474339636,0.05082200195720507,1.0676353237384875,4.191190227089006
12kHz_DE_data\OR\Centered\0007\OR007@6_0.mat,OR007@6_0.mat,BA,12000.0,3.0,外圈,6点位(Centered),,0.007,,1796,-0.0006303552996828477,0.07696780884747277,0.07697039006387422,1.092579588019233,0.1523190800018435,0.38977343076362087,5.0639399181966676
12kHz_DE_data\OR\Centered\0007\OR007@6_1.mat,OR007@6_1.mat,DE,12000.0,3.0,外圈,6点位(Centered),,0.007,,1773,-0.0006190649258674122,0.5885922933371442,0.5885926188946489,4.582546553427438,0.03574576121869976,3.0919525188094394,5.253128258074304
12kHz_DE_data\OR\Centered\0007\OR007@6_1.mat,OR007@6_1.mat,FE,12000.0,3.0,外圈,6点位(Centered),,0.007,,1773,-0.0012155183399281274,0.25611350858187976,0.2561163929992676,0.45109405824879634,0.06614792385139265,1.0339463667105768,4.037017523956514
12kHz_DE_data\OR\Centered\0007\OR007@6_1.mat,OR007@6_1.mat,BA,12000.0,3.0,外圈,6点位(Centered),,0.007,,1773,-3.2991396368326364e-06,0.06872555271777038,0.06872555279695725,1.0058472530771736,0.16676562350134863,0.32282551004928506,4.697314127149194
12kHz_DE_data\OR\Centered\0007\OR007@6_2.mat,OR007@6_2.mat,DE,12000.0,3.0,外圈,6点位(Centered),,0.007,,1750,-7.977724250042224e-05,0.5683296926256599,0.5683296982248819,4.833160532546163,0.0224238457663382,3.0861188404715976,5.4301558586693
12kHz_DE_data\OR\Centered\0007\OR007@6_2.mat,OR007@6_2.mat,FE,12000.0,3.0,外圈,6点位(Centered),,0.007,,1750,-0.0001285047784741428,0.2220539710587812,0.22205400824225652,0.651513741644274,0.023717493938699413,0.9120968196269589,4.107544947497094
12kHz_DE_data\OR\Centered\0007\OR007@6_2.mat,OR007@6_2.mat,BA,12000.0,3.0,外圈,6点位(Centered),,0.007,,1750,0.00012751310181040293,0.06985887526975507,0.06985899164421376,1.1612849069001996,0.17340690740655562,0.3541152720137788,5.069000620811412
12kHz_DE_data\OR\Centered\0007\OR007@6_3.mat,OR007@6_3.mat,DE,12000.0,3.0,外圈,6点位(Centered),,0.007,,1725,0.0005390091131485782,0.5792249106068269,0.5792251613995292,4.992616556806176,-0.006026803630211778,3.1796055510015937,5.489411998814074
12kHz_DE_data\OR\Centered\0007\OR007@6_3.mat,OR007@6_3.mat,FE,12000.0,3.0,外圈,6点位(Centered),,0.007,,1725,-0.00019696049660270282,0.2587902987810581,0.2587903737325377,0.6468053556668281,0.07021872220851558,1.0397403958670337,4.017693474725668
12kHz_DE_data\OR\Centered\0007\OR007@6_3.mat,OR007@6_3.mat,BA,12000.0,3.0,外圈,6点位(Centered),,0.007,,1725,0.0001714988531230282,0.07284562194453635,0.07284582382225449,1.0502213007294134,0.1173363883176979,0.3726466915039638,5.11555325962447
12kHz_DE_data\OR\Centered\0014\OR014@6_0.mat,OR014@6_0.mat,DE,12000.0,3.0,外圈,6点位(Centered),,0.014,,1796,-0.0025776976795208882,0.1000514445663965,0.10008464460220519,0.02424949196751669,0.015166482511999091,0.4130151146755288,4.126658153376995
12kHz_DE_data\OR\Centered\0014\OR014@6_0.mat,OR014@6_0.mat,FE,12000.0,3.0,外圈,6点位(Centered),,0.014,,1796,-0.00015997407285433905,0.1445668735960976,0.14456696210771688,-0.5102953198976108,-0.010172558404895084,0.5117224811796709,3.539691736749551
12kHz_DE_data\OR\Centered\0014\OR014@6_0.mat,OR014@6_0.mat,BA,12000.0,3.0,外圈,6点位(Centered),,0.014,,1796,-6.139969468781782e-05,0.03836590005959971,0.038365949190730324,-0.0738210107626478,0.05052420927836711,0.18107231738014776,4.719609997917034
12kHz_DE_data\OR\Centered\0014\OR014@6_1.mat,OR014@6_1.mat,DE,12000.0,3.0,外圈,6点位(Centered),,0.014,,1772,2.8602419827274424e-05,0.09429637137860501,0.09429637571651532,-0.07617795284836282,0.017317505949878277,0.404012538667997,4.284496997875998
12kHz_DE_data\OR\Centered\0014\OR014@6_1.mat,OR014@6_1.mat,FE,12000.0,3.0,外圈,6点位(Centered),,0.014,,1772,0.0008231043406852953,0.10178097372870769,0.10178430190318907,-0.21449743276817435,0.0049999818449805835,0.37725047510375914,3.706371886920013
12kHz_DE_data\OR\Centered\0014\OR014@6_1.mat,OR014@6_1.mat,BA,12000.0,3.0,外圈,6点位(Centered),,0.014,,1772,0.0005392324079690134,0.03106781626860607,0.031072495543320432,-0.09008450311299177,0.05325262931049297,0.12994846872844382,4.1821059575750255
12kHz_DE_data\OR\Centered\0014\OR014@6_2.mat,OR014@6_2.mat,DE,12000.0,3.0,外圈,6点位(Centered),,0.014,,1749,6.938602263244251e-05,0.09752270363975561,0.09752272832333876,-0.003854640739629822,-0.005000937688361601,0.3672597452541694,3.76588874786718
12kHz_DE_data\OR\Centered\0014\OR014@6_2.mat,OR014@6_2.mat,FE,12000.0,3.0,外圈,6点位(Centered),,0.014,,1749,9.26976442030215e-06,0.09318239478484942,0.0931823952459265,-0.162187554791009,0.03270836591821774,0.3603238518517413,3.866866170383112
12kHz_DE_data\OR\Centered\0014\OR014@6_2.mat,OR014@6_2.mat,BA,12000.0,3.0,外圈,6点位(Centered),,0.014,,1749,0.00021775600586756733,0.030365323499855348,0.030366104276461917,-0.06363132783219916,0.05612709002072111,0.12047350125427092,3.9673676991109836
12kHz_DE_data\OR\Centered\0014\OR014@6_3.mat,OR014@6_3.mat,DE,12000.0,3.0,外圈,6点位(Centered),,0.014,,1723,2.2023868571600337e-05,0.09846010190956492,0.09846010437274934,0.7065278562562831,-0.006971248538921503,0.6329130506024863,6.428116795472915
12kHz_DE_data\OR\Centered\0014\OR014@6_3.mat,OR014@6_3.mat,FE,12000.0,3.0,外圈,6点位(Centered),,0.014,,1723,-0.0008201038203687671,0.09932887938168816,0.09933226489664948,0.060533286934715935,0.0260158343575294,0.4531337346644797,4.56179807372704
12kHz_DE_data\OR\Centered\0014\OR014@6_3.mat,OR014@6_3.mat,BA,12000.0,3.0,外圈,6点位(Centered),,0.014,,1723,-0.00017247619028332145,0.037155578366194514,0.03715597868126524,-0.12973189404071617,-0.05820428028418461,0.14696827364824575,3.9554407894616967
12kHz_DE_data\OR\Centered\0021\OR021@6_0.mat,OR021@6_0.mat,DE,12000.0,3.0,外圈,6点位(Centered),,0.021,,1796,0.0008463809355588043,0.5865397004617807,0.5865403111283006,17.256464094380206,0.10175602612599946,6.648205816619745,11.334610239884276
12kHz_DE_data\OR\Centered\0021\OR021@6_0.mat,OR021@6_0.mat,FE,12000.0,3.0,外圈,6点位(Centered),,0.021,,1796,0.0005877450727621581,0.20043682406166669,0.20043768578837187,7.453605089238714,0.14228724641513224,1.8418464824019851,9.189122670008583
12kHz_DE_data\OR\Centered\0021\OR021@6_0.mat,OR021@6_0.mat,BA,12000.0,3.0,外圈,6点位(Centered),,0.021,,1796,0.0007570227902849613,0.10380811206003912,0.10381087232546815,7.240880195379244,0.6760207197873991,0.8480461180963628,8.169145476762454
12kHz_DE_data\OR\Centered\0021\OR021@6_1.mat,OR021@6_1.mat,DE,12000.0,3.0,外圈,6点位(Centered),,0.021,,1771,-3.631516060480003e-05,0.5566176405072822,0.5566176416919293,17.290287201788875,0.15298111778570017,6.11624763111758,10.988238914825367
12kHz_DE_data\OR\Centered\0021\OR021@6_1.mat,OR021@6_1.mat,FE,12000.0,3.0,外圈,6点位(Centered),,0.021,,1771,-0.00023881226796164493,0.18201637197212364,0.182016528637357,9.681708005365255,0.37423237759235606,1.803137741368402,9.90645055626188
12kHz_DE_data\OR\Centered\0021\OR021@6_1.mat,OR021@6_1.mat,BA,12000.0,3.0,外圈,6点位(Centered),,0.021,,1771,3.480265763436808e-05,0.09093243960949211,0.09093244626951871,8.013485962678347,0.6184848390057658,0.739509171477285,8.13251157112194
12kHz_DE_data\OR\Centered\0021\OR021@6_2.mat,OR021@6_2.mat,DE,12000.0,3.0,外圈,6点位(Centered),,0.021,,1748,3.308351357580967e-05,0.5551895464417177,0.5551895474274342,20.53319378487701,0.11032910319455577,6.649563870794569,11.977105659871409
12kHz_DE_data\OR\Centered\0021\OR021@6_2.mat,OR021@6_2.mat,FE,12000.0,3.0,外圈,6点位(Centered),,0.021,,1748,0.00011054957857168109,0.19621017881878883,0.19621020996194466,10.655807181779027,0.1669080772883395,1.889642726194733,9.630705387661695
12kHz_DE_data\OR\Centered\0021\OR021@6_2.mat,OR021@6_2.mat,BA,12000.0,3.0,外圈,6点位(Centered),,0.021,,1748,-0.00033244536335180926,0.08982404565612014,0.08982466085631699,8.47942081502403,0.6737192779373102,0.7583725925452097,8.442810530153832
12kHz_DE_data\OR\Centered\0021\OR021@6_3.mat,OR021@6_3.mat,DE,12000.0,3.0,外圈,6点位(Centered),,0.021,,1721,-0.00027433769504272903,0.5148032849012307,0.5148033579982444,19.06878748490586,0.11234666281180797,5.908682646001453,11.477552650349269
12kHz_DE_data\OR\Centered\0021\OR021@6_3.mat,OR021@6_3.mat,FE,12000.0,3.0,外圈,6点位(Centered),,0.021,,1721,-0.0005251021314654043,0.1911790188416167,0.19117973997652496,10.669606843692403,0.24187697448649087,1.9867025770604538,10.391804996200968
12kHz_DE_data\OR\Centered\0021\OR021@6_3.mat,OR021@6_3.mat,BA,12000.0,3.0,外圈,6点位(Centered),,0.021,,1721,-0.00038101530537852115,0.09399370126318873,0.09399447350677856,6.866932051886952,0.654394477947471,0.8562615411464294,9.109700913263573
12kHz_DE_data\OR\Opposite\0007\OR007@12_0.mat,OR007@12_0.mat,DE,12000.0,3.0,外圈,12点位(Opposite),,0.007,,1797,0.00037722629938899903,0.24136411764449156,0.24136441242649034,4.47337615264605,-0.02760734499996426,1.7473251608773688,7.239365336882595
12kHz_DE_data\OR\Opposite\0007\OR007@12_0.mat,OR007@12_0.mat,FE,12000.0,3.0,外圈,12点位(Opposite),,0.007,,1797,0.00016359294817929767,0.12863184438135286,0.1286319484094106,1.8851860796723567,0.008429637842086248,1.020662375422927,7.93475017710496
12kHz_DE_data\OR\Opposite\0007\OR007@12_0.mat,OR007@12_0.mat,BA,12000.0,3.0,外圈,12点位(Opposite),,0.007,,1797,0.0007436142126720639,0.03978049397881568,0.03978744353807968,-0.0723899982673073,0.01806716881583975,0.16644948217508557,4.183467631334003
12kHz_DE_data\OR\Opposite\0007\OR007@12_1.mat,OR007@12_1.mat,DE,12000.0,3.0,外圈,12点位(Opposite),,0.007,,1773,-5.754150580540859e-05,0.23711940887354854,0.23711941585531537,4.353609191674966,-0.03906884955905571,1.6484552640264634,6.952004575754824
12kHz_DE_data\OR\Opposite\0007\OR007@12_1.mat,OR007@12_1.mat,FE,12000.0,3.0,外圈,12点位(Opposite),,0.007,,1773,-0.000416725986809835,0.13694396083968444,0.13694459489519514,1.9956755492628266,-0.010404574187147787,1.0993532001243012,8.027722459332152
12kHz_DE_data\OR\Opposite\0007\OR007@12_1.mat,OR007@12_1.mat,BA,12000.0,3.0,外圈,12点位(Opposite),,0.007,,1773,-0.0004748329165294673,0.0404215598029893,0.04042434864293128,-0.15312313107095266,0.024739849178024544,0.16916576210819853,4.184749236220021
12kHz_DE_data\OR\Opposite\0007\OR007@12_2.mat,OR007@12_2.mat,DE,12000.0,3.0,外圈,12点位(Opposite),,0.007,,1750,2.9642639087334945e-05,0.26867447797348476,0.268674479608709,5.460180366399911,-0.010028151131995153,1.908544982116956,7.103558867580258
12kHz_DE_data\OR\Opposite\0007\OR007@12_2.mat,OR007@12_2.mat,FE,12000.0,3.0,外圈,12点位(Opposite),,0.007,,1750,-0.00047303987721483557,0.14591763393603452,0.14591840069098894,3.953289655644001,-0.008040255132403706,1.187874911139841,8.140679348969847
12kHz_DE_data\OR\Opposite\0007\OR007@12_2.mat,OR007@12_2.mat,BA,12000.0,3.0,外圈,12点位(Opposite),,0.007,,1750,-0.0001301857773894181,0.04031113648904289,0.04031134670753235,0.26068073029043193,0.024674369588637123,0.20531204612172038,5.093157705975547
12kHz_DE_data\OR\Opposite\0007\OR007@12_3.mat,OR007@12_3.mat,DE,12000.0,3.0,外圈,12点位(Opposite),,0.007,,1724,0.0002639106137268053,0.25906465675096907,0.2590647911745428,5.079010514027971,-0.03191090492478368,1.9109413916772469,7.37630684205854
12kHz_DE_data\OR\Opposite\0007\OR007@12_3.mat,OR007@12_3.mat,FE,12000.0,3.0,外圈,12点位(Opposite),,0.007,,1724,-0.0001634399308768646,0.14204249671612848,0.1420425907464461,3.258917241977678,-0.003154409374393892,1.088315217998416,7.661893607256988
12kHz_DE_data\OR\Opposite\0007\OR007@12_3.mat,OR007@12_3.mat,BA,12000.0,3.0,外圈,12点位(Opposite),,0.007,,1724,0.0005364415144512736,0.044582414409991944,0.044585641681181225,0.09484036609019775,0.09641374338118358,0.18367087621057349,4.119507296181801
12kHz_DE_data\OR\Opposite\0021\OR021@12_0.mat,OR021@12_0.mat,DE,12000.0,3.0,外圈,12点位(Opposite),,0.021,,1796,0.016804283362470203,0.3854478281621947,0.38581396057462586,31.25657645684256,-0.3363071056875375,4.502311599352712,11.669644075727671
12kHz_DE_data\OR\Opposite\0021\OR021@12_0.mat,OR021@12_0.mat,FE,12000.0,3.0,外圈,12点位(Opposite),,0.021,,1796,-0.0001785295781767504,0.13709896474959257,0.13709908098969997,4.548569432751738,0.08341971416228262,0.8899622658258635,6.491380244136901
12kHz_DE_data\OR\Opposite\0021\OR021@12_0.mat,OR021@12_0.mat,BA,12000.0,3.0,外圈,12点位(Opposite),,0.021,,1796,-0.00034173141577457505,0.06189961902711197,0.06190056232428046,3.2002826078966073,-0.3585102184521407,0.45244788100034433,7.309269318590211
12kHz_DE_data\OR\Opposite\0021\OR021@12_1.mat,OR021@12_1.mat,DE,12000.0,3.0,外圈,12点位(Opposite),,0.021,,1771,0.00029086124468418205,0.3504474829573278,0.3504476036605047,30.635725641342844,-0.39425177052707894,3.994115114465008,11.397181983114079
12kHz_DE_data\OR\Opposite\0021\OR021@12_1.mat,OR021@12_1.mat,FE,12000.0,3.0,外圈,12点位(Opposite),,0.021,,1771,-0.0007714778899964628,0.13627735454809048,0.13627953823212313,7.095195804567471,0.12294129581453246,1.0342972199607035,7.589526889935588
12kHz_DE_data\OR\Opposite\0021\OR021@12_1.mat,OR021@12_1.mat,BA,12000.0,3.0,外圈,12点位(Opposite),,0.021,,1771,9.076492231670745e-05,0.058224552676390755,0.058224623422027603,4.832819604665263,-0.5099668072539142,0.44580778722407305,7.656688202047084
12kHz_DE_data\OR\Opposite\0021\OR021@12_2.mat,OR021@12_2.mat,DE,12000.0,3.0,外圈,12点位(Opposite),,0.021,,1746,9.721071062781386e-05,0.34450454205074155,0.3445045557659774,28.537766778087267,-0.413762481232478,3.7579684217552054,10.908327216166049
12kHz_DE_data\OR\Opposite\0021\OR021@12_2.mat,OR021@12_2.mat,FE,12000.0,3.0,外圈,12点位(Opposite),,0.021,,1746,-0.0008840336777978894,0.13617755412643903,0.13618042356889154,6.298292930722395,0.06780148208762447,1.1276739550595758,8.280734671743058
12kHz_DE_data\OR\Opposite\0021\OR021@12_2.mat,OR021@12_2.mat,BA,12000.0,3.0,外圈,12点位(Opposite),,0.021,,1746,-0.0002458885384541983,0.05909405392504328,0.059094565490146946,4.52427859798905,-0.4682124866164663,0.42451355819226233,7.183631094860035
12kHz_DE_data\OR\Opposite\0021\OR021@12_3.mat,OR021@12_3.mat,DE,12000.0,3.0,外圈,12点位(Opposite),,0.021,,1718,-0.0001656235005376286,0.3115676157996906,0.31156765982086065,30.384694627535396,-0.45819192434584494,3.679056336399108,11.808209935891366
12kHz_DE_data\OR\Opposite\0021\OR021@12_3.mat,OR021@12_3.mat,FE,12000.0,3.0,外圈,12点位(Opposite),,0.021,,1718,-0.0007726652929011624,0.14138990165628904,0.14139201286504816,3.2785644497220527,0.006505930523400213,0.9611025660504768,6.79743181086051
12kHz_DE_data\OR\Opposite\0021\OR021@12_3.mat,OR021@12_3.mat,BA,12000.0,3.0,外圈,12点位(Opposite),,0.021,,1718,0.0003368020141397288,0.06326926360313112,0.06327016004783946,3.0786406741727053,-0.3636999943148522,0.43121251051800674,6.815416780864169
12kHz_DE_data\OR\Orthogonal\0007\OR007@3_0.mat,OR007@3_0.mat,DE,12000.0,3.0,外圈,3点位(Orthogonal),,0.007,,1797,0.00045159407945583236,0.762069656688302,0.7620697904931274,1.260318476972957,0.0654804086586464,3.217957856690345,4.222655059726272
12kHz_DE_data\OR\Orthogonal\0007\OR007@3_0.mat,OR007@3_0.mat,FE,12000.0,3.0,外圈,3点位(Orthogonal),,0.007,,1797,0.0005365657761626855,0.1668694522187449,0.166870314875403,0.12499634938328752,0.017584595229372793,0.6771677394763624,4.05804795168022
12kHz_DE_data\OR\Orthogonal\0007\OR007@3_0.mat,OR007@3_0.mat,BA,12000.0,3.0,外圈,3点位(Orthogonal),,0.007,,1797,2.5151960411334777e-05,0.08642037477436552,0.08642037843450412,0.19893830439760984,-0.12132083087302814,0.36974093490798804,4.278399858989342
12kHz_DE_data\OR\Orthogonal\0007\OR007@3_1.mat,OR007@3_1.mat,DE,12000.0,3.0,外圈,3点位(Orthogonal),,0.007,,1774,0.0003722678747230897,0.8473492926216523,0.8473493743962905,1.060600744539828,0.07456643766060471,3.3796156629373755,3.988455960500642
12kHz_DE_data\OR\Orthogonal\0007\OR007@3_1.mat,OR007@3_1.mat,FE,12000.0,3.0,外圈,3点位(Orthogonal),,0.007,,1774,2.7025485839300644e-05,0.18962128963905955,0.18962129156494265,0.4170066865497817,0.10270586922606581,0.8230838756373545,4.340672235931163
12kHz_DE_data\OR\Orthogonal\0007\OR007@3_1.mat,OR007@3_1.mat,BA,12000.0,3.0,外圈,3点位(Orthogonal),,0.007,,1774,-0.0004965650552321944,0.09000826774795496,0.09000963748311414,-0.06099895584692794,-0.09720483275967443,0.38936658251153344,4.32583213752615
12kHz_DE_data\OR\Orthogonal\0007\OR007@3_2.mat,OR007@3_2.mat,DE,12000.0,3.0,外圈,3点位(Orthogonal),,0.007,,1751,-0.0003119229990653209,0.8512685353241031,0.8512685924717304,0.9999018412421834,0.07324815630318025,3.5183211741732565,4.133032987811183
12kHz_DE_data\OR\Orthogonal\0007\OR007@3_2.mat,OR007@3_2.mat,FE,12000.0,3.0,外圈,3点位(Orthogonal),,0.007,,1751,0.001028749207631285,0.1850113844036565,0.18501424454319662,0.3108807744228117,0.05638876258939703,0.8108342467519646,4.382550374723462
12kHz_DE_data\OR\Orthogonal\0007\OR007@3_2.mat,OR007@3_2.mat,BA,12000.0,3.0,外圈,3点位(Orthogonal),,0.007,,1751,5.249409946640078e-05,0.09034632063702171,0.09034633588739509,-0.1331217023120841,-0.20418554488466353,0.3708903682546385,4.1052065323037
12kHz_DE_data\OR\Orthogonal\0007\OR007@3_3.mat,OR007@3_3.mat,DE,12000.0,3.0,外圈,3点位(Orthogonal),,0.007,,1725,0.0005669732398066069,0.7905147536444591,0.7905149569667955,1.0441476445550393,0.08270102318104758,3.307814978961696,4.184380004211149
12kHz_DE_data\OR\Orthogonal\0007\OR007@3_3.mat,OR007@3_3.mat,FE,12000.0,3.0,外圈,3点位(Orthogonal),,0.007,,1725,-0.00119790619013137,0.1790536885282818,0.17905769560346552,0.21593394937086074,-0.0843999002842339,0.8179928201735049,4.5683198223716746
12kHz_DE_data\OR\Orthogonal\0007\OR007@3_3.mat,OR007@3_3.mat,BA,12000.0,3.0,外圈,3点位(Orthogonal),,0.007,,1725,-0.0001794765499392814,0.09478699968791085,0.09478716960468853,0.06694228591078977,-0.23396471792225687,0.3880900657091876,4.094331198280566
12kHz_DE_data\OR\Orthogonal\0021\OR021@3_0.mat,OR021@3_0.mat,DE,12000.0,3.0,外圈,3点位(Orthogonal),,0.021,,1796,0.0007184011874679007,0.31583500215069876,0.3158358191906011,3.7163623294301225,0.08067555530774669,2.3279962934285416,7.370906502608048
12kHz_DE_data\OR\Orthogonal\0021\OR021@3_0.mat,OR021@3_0.mat,FE,12000.0,3.0,外圈,3点位(Orthogonal),,0.021,,1796,0.00014454737556624254,0.2242908502348483,0.2242908968126324,1.629181967901336,-0.004651314988653701,1.2029086114628174,5.36316287712604
12kHz_DE_data\OR\Orthogonal\0021\OR021@3_0.mat,OR021@3_0.mat,BA,12000.0,3.0,外圈,3点位(Orthogonal),,0.021,,1796,-0.00014618784271947896,0.1421714464591021,0.1421715216179341,1.305948723771329,-0.04028054437993819,0.7157901444571827,5.03469426444466
12kHz_DE_data\OR\Orthogonal\0021\OR021@3_1.mat,OR021@3_1.mat,DE,12000.0,3.0,外圈,3点位(Orthogonal),,0.021,,1771,-0.0004712475937251271,0.2845073182278771,0.2845077085063129,4.023999432660518,0.13180119667266518,2.1860542223452857,7.6836379366388226
12kHz_DE_data\OR\Orthogonal\0021\OR021@3_1.mat,OR021@3_1.mat,FE,12000.0,3.0,外圈,3点位(Orthogonal),,0.021,,1771,-0.001181871547879138,0.21914857329983722,0.21915176020217092,2.9011202605073443,-0.15045385763386554,1.5646629464468689,7.139632120697743
12kHz_DE_data\OR\Orthogonal\0021\OR021@3_1.mat,OR021@3_1.mat,BA,12000.0,3.0,外圈,3点位(Orthogonal),,0.021,,1771,0.0003035216913762242,0.1308253975862032,0.1308257496787436,1.7061136296003632,-0.07424162740092836,0.6798269841675094,5.196431022462291
12kHz_DE_data\OR\Orthogonal\0021\OR021@3_2.mat,OR021@3_2.mat,DE,12000.0,3.0,外圈,3点位(Orthogonal),,0.021,,1747,0.00021444388134883,0.2779986911491937,0.2779987738585245,3.711385118544869,0.14589724629273887,1.9199775507409629,6.906424528757284
12kHz_DE_data\OR\Orthogonal\0021\OR021@3_2.mat,OR021@3_2.mat,FE,12000.0,3.0,外圈,3点位(Orthogonal),,0.021,,1747,-0.0001945952999289086,0.22347629972975866,0.22347638445311324,2.660243706708906,-0.12497182263421543,1.454958615602959,6.510569871458693
12kHz_DE_data\OR\Orthogonal\0021\OR021@3_2.mat,OR021@3_2.mat,BA,12000.0,3.0,外圈,3点位(Orthogonal),,0.021,,1747,-0.00028762089971811575,0.13146670801200938,0.13146702263798662,1.8132991216988277,-0.06268334177150411,0.6510799369031252,4.952420187501831
12kHz_DE_data\OR\Orthogonal\0021\OR021@3_3.mat,OR021@3_3.mat,DE,12000.0,3.0,外圈,3点位(Orthogonal),,0.021,,1719,5.257249716218276e-05,0.2816980592639484,0.2816980641696752,3.662933409015446,0.16389038592029945,2.0966176774328464,7.442783405746057
12kHz_DE_data\OR\Orthogonal\0021\OR021@3_3.mat,OR021@3_3.mat,FE,12000.0,3.0,外圈,3点位(Orthogonal),,0.021,,1719,-5.1287019864597826e-05,0.21784414566181443,0.21784415169906265,2.773194599580224,-0.17765562763459172,1.514813838686531,6.9536585071108385
12kHz_DE_data\OR\Orthogonal\0021\OR021@3_3.mat,OR021@3_3.mat,BA,12000.0,3.0,外圈,3点位(Orthogonal),,0.021,,1719,-0.00019475184628256015,0.1322635195457452,0.13226366292715983,1.722830860393577,0.04506270093303684,0.6995515739186366,5.28906850480841
12kHz_FE_data\B\0007\B007_0.mat,B007_0.mat,DE,12000.0,3.0,滚动体,,,0.007,0.0,1798,-0.0002679227735157206,0.0848989287641221,0.08489935151641648,0.33012927153237515,0.024638014215741084,0.42075287802745226,4.9559021419155815
12kHz_FE_data\B\0007\B007_0.mat,B007_0.mat,FE,12000.0,3.0,滚动体,,,0.007,0.0,1798,0.0007131049502456994,0.15032013851222295,0.15032182995494686,14.396653176971846,0.08850410638596565,2.185836216046927,14.54104315189648
12kHz_FE_data\B\0007\B007_0.mat,B007_0.mat,BA,12000.0,3.0,滚动体,,,0.007,0.0,1798,0.00051833854935506,0.1186236598074172,0.11862479226939701,-0.8822520476409705,-0.05952291042019634,0.3332070331612725,2.808915630423689
12kHz_FE_data\B\0007\B007_1.mat,B007_1.mat,DE,12000.0,3.0,滚动体,,,0.007,1.0,1777,-0.002003192461445171,0.08030949427913653,0.08033447361754636,0.16629062563130237,0.015151105934679424,0.3872279051499571,4.8201959596257336
12kHz_FE_data\B\0007\B007_1.mat,B007_1.mat,FE,12000.0,3.0,滚动体,,,0.007,1.0,1777,-0.0007802510422004198,0.13293118130892356,0.13293347116461968,24.818584096794112,0.13886264851241403,1.9921297881425037,14.985915666608353
12kHz_FE_data\B\0007\B007_1.mat,B007_1.mat,BA,12000.0,3.0,滚动体,,,0.007,1.0,1777,-0.001901102108499472,0.1604770264874069,0.1604882868606517,-1.3009857915944043,-0.027881854370073123,0.38177316313745874,2.3788225957508264
12kHz_FE_data\B\0007\B007_2.mat,B007_2.mat,DE,12000.0,3.0,滚动体,,,0.007,2.0,1755,-0.00018332322217539174,0.08261788084996188,0.08261808424033014,0.14420561718106573,-0.04820655363511904,0.46570289151058125,5.636815423556477
12kHz_FE_data\B\0007\B007_2.mat,B007_2.mat,FE,12000.0,3.0,滚动体,,,0.007,2.0,1755,-0.00026182655799325484,0.12859517660462075,0.12859544315068117,5.557841621209985,-0.05764095938998157,1.1654549846820916,9.06295710118184
12kHz_FE_data\B\0007\B007_2.mat,B007_2.mat,BA,12000.0,3.0,滚动体,,,0.007,2.0,1755,0.00012734971541495383,0.1999758376628459,0.19997587821261573,-1.3157623869286126,-0.019501128670265763,0.4490535313495373,2.2455384887576315
12kHz_FE_data\B\0007\B007_3.mat,B007_3.mat,DE,12000.0,3.0,滚动体,,,0.007,3.0,1732,-0.0001676179536239835,0.0889122761092068,0.08891243410624973,0.9313098592884308,-0.01901077788583394,0.6197492426651385,6.970332652512275
12kHz_FE_data\B\0007\B007_3.mat,B007_3.mat,FE,12000.0,3.0,滚动体,,,0.007,3.0,1732,0.00022869079671095454,0.11030762816199077,0.11030786522367532,0.02772792515119571,-0.12263857916110849,0.45863625572565564,4.157783806219638
12kHz_FE_data\B\0007\B007_3.mat,B007_3.mat,BA,12000.0,3.0,滚动体,,,0.007,3.0,1732,0.00036590260023161434,0.23385083331495704,0.2338511195757093,-1.3252447302441368,-0.012507144211282335,0.5210921416924396,2.228307235124166
12kHz_FE_data\B\0014\B014_0.mat,B014_0.mat,DE,12000.0,3.0,滚动体,,,0.014,0.0,1796,-0.00014409753477044346,0.15833113077373634,0.15833119634547554,7.725508634939791,0.0016555613688830349,1.546513033447709,9.7675825683351
12kHz_FE_data\B\0014\B014_0.mat,B014_0.mat,FE,12000.0,3.0,滚动体,,,0.014,0.0,1796,0.00011553567380021374,0.2566020722039083,0.2566020982140086,7.946844996337894,0.0903539650300533,2.94057759526976,11.45967868437806
12kHz_FE_data\B\0014\B014_0.mat,B014_0.mat,BA,12000.0,3.0,滚动体,,,0.014,0.0,1796,0.000984184106892646,0.2942663756146187,0.2942680214289689,-1.312603492141031,-0.022906971531399645,0.6879285510178463,2.3377618392826287
12kHz_FE_data\B\0014\B014_1.mat,B014_1.mat,DE,12000.0,3.0,滚动体,,,0.014,1.0,1775,2.7659486049439958e-05,0.12262273963566347,0.1226227427551793,10.727262786956368,0.0586229731243903,1.434767865934264,11.700666888513735
12kHz_FE_data\B\0014\B014_1.mat,B014_1.mat,FE,12000.0,3.0,滚动体,,,0.014,1.0,1775,-5.5565094291945854e-05,0.1753139840459357,0.17531399285150714,20.54999881456745,0.16967144480578347,2.667048847201074,15.212983309667091
12kHz_FE_data\B\0014\B014_1.mat,B014_1.mat,BA,12000.0,3.0,滚动体,,,0.014,1.0,1775,-0.0005370896312246322,0.4467134838974157,0.44671380677234346,-1.3995721238101289,0.004425696174139482,0.8881593485966027,1.9882066216261611
12kHz_FE_data\B\0014\B014_2.mat,B014_2.mat,DE,12000.0,3.0,滚动体,,,0.014,2.0,1755,0.00020094370276602645,0.19742384791020937,0.1974239501733393,4.460930582879075,0.00023786101892675273,1.4412062167039859,7.3000576446707655
12kHz_FE_data\B\0014\B014_2.mat,B014_2.mat,FE,12000.0,3.0,滚动体,,,0.014,2.0,1755,0.0002339862244886153,0.2956236405973988,0.29562373319747737,5.322507479113714,0.050144028790202466,2.4533124882086157,8.298767022774173
12kHz_FE_data\B\0014\B014_2.mat,B014_2.mat,BA,12000.0,3.0,滚动体,,,0.014,2.0,1755,0.0003340363254882568,0.5591794637043248,0.5591795634757435,-1.415980272258397,0.0024918350510287615,1.051805160338567,1.880979257898421
12kHz_FE_data\B\0014\B014_3.mat,B014_3.mat,DE,12000.0,3.0,滚动体,,,0.014,3.0,1732,-0.00023617778329259275,0.167777983234307,0.1677781494656462,5.808953704312318,0.02110445995635591,1.56490793994508,9.327245204033593
12kHz_FE_data\B\0014\B014_3.mat,B014_3.mat,FE,12000.0,3.0,滚动体,,,0.014,3.0,1732,-5.539502083520576e-05,0.22931178509449462,0.229311791785403,10.3111053573614,0.0891373091928507,2.6473156551234647,11.544611964834777
12kHz_FE_data\B\0014\B014_3.mat,B014_3.mat,BA,12000.0,3.0,滚动体,,,0.014,3.0,1732,-3.435100853379707e-05,0.6528636931231591,0.6528636940268636,-1.4260231567906245,0.00184537412774052,1.2530133694503078,1.919257236869339
12kHz_FE_data\B\0021\B021_0.mat,B021_0.mat,DE,12000.0,3.0,滚动体,,,0.021,0.0,1796,-0.00018684194798510123,0.09907534299676904,0.09907551917522796,0.4464587840248142,-0.012385260196637578,0.7735225436807575,7.807403384005307
12kHz_FE_data\B\0021\B021_0.mat,B021_0.mat,FE,12000.0,3.0,滚动体,,,0.021,0.0,1796,9.594626452634598e-05,0.14099639284299612,0.14099642548810296,19.312124500843648,0.17263629703483505,2.4654059620653923,17.48559194696336
12kHz_FE_data\B\0021\B021_0.mat,B021_0.mat,BA,12000.0,3.0,滚动体,,,0.021,0.0,1796,-0.00040888752090713685,0.10317824460666153,0.10317905479852407,-0.7544837982925885,-0.034234092838695676,0.3439007849189729,3.3330484136581977
12kHz_FE_data\B\0021\B021_1.mat,B021_1.mat,DE,12000.0,3.0,滚动体,,,0.021,1.0,1775,-6.46050821414836e-05,0.10638052067652291,0.10638054029391257,0.9255447695145627,-0.025960021917060046,0.6525375358166166,6.133993435394846
12kHz_FE_data\B\0021\B021_1.mat,B021_1.mat,FE,12000.0,3.0,滚动体,,,0.021,1.0,1775,8.29985953819632e-05,0.1805036813648816,0.18050370044694802,18.3739338871758,0.08888573768237412,2.5333422985186154,14.034849658183001
12kHz_FE_data\B\0021\B021_1.mat,B021_1.mat,BA,12000.0,3.0,滚动体,,,0.021,1.0,1775,-0.0003336079999870076,0.14345537975166356,0.14345576765676468,-1.172569982518573,-0.05039824337703518,0.3618020066377494,2.5220457326149797
12kHz_FE_data\B\0021\B021_2.mat,B021_2.mat,DE,12000.0,3.0,滚动体,,,0.021,2.0,1756,-6.982168759348754e-05,0.10787077557032662,0.10787079816712136,0.4387518267659485,0.030517842444967098,0.6358162892128278,5.894239219661419
12kHz_FE_data\B\0021\B021_2.mat,B021_2.mat,FE,12000.0,3.0,滚动体,,,0.021,2.0,1756,5.828428449462104e-05,0.1712049549052084,0.1712049648262347,4.623960655550505,0.011044779773759653,1.5747606905712055,9.198101773330675
12kHz_FE_data\B\0021\B021_2.mat,B021_2.mat,BA,12000.0,3.0,滚动体,,,0.021,2.0,1756,0.0005548464114260342,0.17895718909002492,0.1789580492225572,-1.2846656194629382,-0.024660942069102208,0.41444571243844763,2.315881930088718
12kHz_FE_data\B\0021\B021_3.mat,B021_3.mat,DE,12000.0,3.0,滚动体,,,0.021,3.0,1734,0.000124075612894884,0.11370714752908852,0.11370721522383534,0.3337601933889074,-0.009084992511496068,0.5900522009317016,5.189223918378178
12kHz_FE_data\B\0021\B021_3.mat,B021_3.mat,FE,12000.0,3.0,滚动体,,,0.021,3.0,1734,0.00022451277937211817,0.18931700386273068,0.1893171369885708,7.024045295534293,0.0427142368942482,1.9193954653230811,10.138519395837664
12kHz_FE_data\B\0021\B021_3.mat,B021_3.mat,BA,12000.0,3.0,滚动体,,,0.021,3.0,1734,-0.00020400059416819262,0.20926449111792667,0.20926459055245644,-1.2986894548541188,-0.014520001271832261,0.4682994765829942,2.237834290773648
12kHz_FE_data\IR\0007\IR007_0.mat,IR007_0.mat,DE,12000.0,3.0,内圈,,,0.007,0.0,1796,-0.00038810813171675243,0.12226794878681622,0.12226856475994727,1.0760002766749226,-0.12855986936220315,0.6569202519363297,5.3727648903549055
12kHz_FE_data\IR\0007\IR007_0.mat,IR007_0.mat,FE,12000.0,3.0,内圈,,,0.007,0.0,1796,0.0006279238278909472,0.27590672346487916,0.2759074379958955,4.400861884262707,0.07561363465435877,1.987013685775943,7.201740193048012
12kHz_FE_data\IR\0007\IR007_0.mat,IR007_0.mat,BA,12000.0,3.0,内圈,,,0.007,0.0,1796,-0.00018991899292468938,0.0900217815750047,0.090021981910874,-0.6510868894139579,-0.07380299675637098,0.31402153873410504,3.4882762195238173
12kHz_FE_data\IR\0007\IR007_1.mat,IR007_1.mat,DE,12000.0,3.0,内圈,,,0.007,1.0,1772,4.128966580193517e-05,0.12005743738685055,0.12005744448693735,0.9102057822989562,-0.19284392378159204,0.6140317235078507,5.11448270560731
12kHz_FE_data\IR\0007\IR007_1.mat,IR007_1.mat,FE,12000.0,3.0,内圈,,,0.007,1.0,1772,-6.894520117801467e-05,0.23825439683120375,0.23825440680676083,3.043540520155851,0.1116724911992113,1.4373271651162824,6.032741154215227
12kHz_FE_data\IR\0007\IR007_1.mat,IR007_1.mat,BA,12000.0,3.0,内圈,,,0.007,1.0,1772,0.0001705059428080869,0.19493834014160638,0.1949384147094696,-1.2524590624446552,0.06305417991254118,0.5045047165989243,2.5880210288506915
12kHz_FE_data\IR\0007\IR007_2.mat,IR007_2.mat,DE,12000.0,3.0,内圈,,,0.007,2.0,1755,-3.834566993983456e-05,0.12542330861794476,0.12542331447965574,0.8950986197441173,-0.167779907327117,0.7078202489619076,5.643450357682259
12kHz_FE_data\IR\0007\IR007_2.mat,IR007_2.mat,FE,12000.0,3.0,内圈,,,0.007,2.0,1755,-0.00010766522217906527,0.2323095499013737,0.2323095748504114,3.143033407489967,-0.05809667488264582,1.535564975499322,6.609994342627082
12kHz_FE_data\IR\0007\IR007_2.mat,IR007_2.mat,BA,12000.0,3.0,内圈,,,0.007,2.0,1755,0.0006857065293089461,0.24079075014389112,0.24079172649470773,-1.3268913808468465,0.028392588635269934,0.5424698210951954,2.252859053723003
12kHz_FE_data\IR\0007\IR007_3.mat,IR007_3.mat,DE,12000.0,3.0,内圈,,,0.007,3.0,1732,7.807419306256748e-05,0.12514348660794297,0.12514351096230292,0.7237846863343753,-0.0778740691423706,0.6464011475330492,5.165278987000494
12kHz_FE_data\IR\0007\IR007_3.mat,IR007_3.mat,FE,12000.0,3.0,内圈,,,0.007,3.0,1732,0.00011494676315547865,0.24010641641474914,0.24010644392912756,2.3714683784569424,-0.04546943412785757,1.5447533663446853,6.43361894444054
12kHz_FE_data\IR\0007\IR007_3.mat,IR007_3.mat,BA,12000.0,3.0,内圈,,,0.007,3.0,1732,-0.00030864643786520214,0.2750865021916146,0.27508667534186526,-1.3264289255788648,0.02094131101686615,0.632012860397641,2.297504448778568
12kHz_FE_data\IR\0014\IR014_0.mat,IR014_0.mat,DE,12000.0,3.0,内圈,,,0.014,0.0,1796,8.23948659218135e-06,0.1853982189792267,0.1853982191623168,0.6840031094492249,0.018703152346558224,0.9656913575948202,5.208741281108822
12kHz_FE_data\IR\0014\IR014_0.mat,IR014_0.mat,FE,12000.0,3.0,内圈,,,0.014,0.0,1796,-8.820254638592817e-05,0.179659834188889,0.17965985584005204,2.5402298476568355,0.12845286808748607,1.080209586183773,6.012526176941077
12kHz_FE_data\IR\0014\IR014_0.mat,IR014_0.mat,BA,12000.0,3.0,内圈,,,0.014,0.0,1796,0.00023948501559552888,0.22884689608565986,0.2288470213944536,-1.2322130660743482,-0.007908209625531253,0.5898866509217391,2.577646181835058
12kHz_FE_data\IR\0014\IR014_1.mat,IR014_1.mat,DE,12000.0,3.0,内圈,,,0.014,1.0,1775,-2.83791049660154e-05,0.15661492120825504,0.15661492377944553,1.0394390346366311,0.030773074313603287,0.9561252655368615,6.104943529413162
12kHz_FE_data\IR\0014\IR014_1.mat,IR014_1.mat,FE,12000.0,3.0,内圈,,,0.014,1.0,1775,-3.7921775830106686e-05,0.1421250692352707,0.14212507429441004,2.740832449194908,0.0507079105316843,0.8727386502029587,6.140638128322756
12kHz_FE_data\IR\0014\IR014_1.mat,IR014_1.mat,BA,12000.0,3.0,内圈,,,0.014,1.0,1775,0.00015730881613084058,0.32234528694398934,0.32234532532839133,-1.3682286460318327,0.010815667472312234,0.729016198012092,2.261600031796342
12kHz_FE_data\IR\0014\IR014_2.mat,IR014_2.mat,DE,12000.0,3.0,内圈,,,0.014,2.0,1755,3.091232720197862e-05,0.15281230129538367,0.15281230442200355,1.3871470463315916,0.008557238548342158,0.9984545544518417,6.533862297466103
12kHz_FE_data\IR\0014\IR014_2.mat,IR014_2.mat,FE,12000.0,3.0,内圈,,,0.014,2.0,1755,0.00010014232233989211,0.1328767988005615,0.13287683653658236,2.6687096730673714,0.0019259828769604525,0.7843384523096948,5.902747783235781
12kHz_FE_data\IR\0014\IR014_2.mat,IR014_2.mat,BA,12000.0,3.0,内圈,,,0.014,2.0,1755,0.0005956772323325321,0.38023118514105,0.38023165174026813,-1.3951501327599274,0.0062473496974845884,0.8225222343854277,2.163213479521908
12kHz_FE_data\IR\0014\IR014_3.mat,IR014_3.mat,DE,12000.0,3.0,内圈,,,0.014,3.0,1733,-9.581858525242815e-05,0.15129665362325184,0.1512966839649684,1.7619568147066005,0.012320591554524524,0.9898712068465078,6.542583623813625
12kHz_FE_data\IR\0014\IR014_3.mat,IR014_3.mat,FE,12000.0,3.0,内圈,,,0.014,3.0,1733,-0.000153713513463664,0.13717901428819265,0.13717910040864234,2.47197442061994,-0.07497156884112821,0.8592179668756571,6.26347573585288
12kHz_FE_data\IR\0014\IR014_3.mat,IR014_3.mat,BA,12000.0,3.0,内圈,,,0.014,3.0,1733,-9.581776523430327e-05,0.4400686649239759,0.44006867535535255,-1.4108110738753425,0.006803290858777614,0.9076138312621315,2.0624368015497567
12kHz_FE_data\IR\0021\IR021_0.mat,IR021_0.mat,DE,12000.0,3.0,内圈,,,0.021,0.0,1796,0.00026705564359211454,0.19369824803018654,0.19369843212757412,1.3792907783294135,-0.02372334791531202,0.9756873806641002,5.037146506284009
12kHz_FE_data\IR\0021\IR021_0.mat,IR021_0.mat,FE,12000.0,3.0,内圈,,,0.021,0.0,1796,-0.0004904480522910373,0.31933124979095084,0.3193316264204701,4.129838603076792,0.04024745388833651,1.973396998052291,6.179773109769846
12kHz_FE_data\IR\0021\IR021_0.mat,IR021_0.mat,BA,12000.0,3.0,内圈,,,0.021,0.0,1796,8.89074921629941e-05,0.0847323808862228,0.08473242753037409,-0.28897810509837196,-0.003071811370480315,0.2946541410332115,3.47746606135634
12kHz_FE_data\IR\0021\IR021_1.mat,IR021_1.mat,DE,12000.0,3.0,内圈,,,0.021,1.0,1776,-0.0015074687525249988,0.20042289404527996,0.20042856313291615,0.8870727103561982,-0.028217947174505667,0.9906678963422686,4.942748083691532
12kHz_FE_data\IR\0021\IR021_1.mat,IR021_1.mat,FE,12000.0,3.0,内圈,,,0.021,1.0,1776,-0.0004581855482595621,0.29465620236881923,0.2946565586040996,3.4249168227709177,0.08382753904066413,1.6925054859668918,5.743993936482986
12kHz_FE_data\IR\0021\IR021_1.mat,IR021_1.mat,BA,12000.0,3.0,内圈,,,0.021,1.0,1776,-0.00030697125686248344,0.08855961713453334,0.08856014915506674,-0.5523588754411244,0.17543412187622548,0.320920137259458,3.623753350929145
12kHz_FE_data\IR\0021\IR021_2.mat,IR021_2.mat,DE,12000.0,3.0,内圈,,,0.021,2.0,1758,0.0002532839542927493,0.1990289679425886,0.19902912910690604,0.8142104790731657,-0.022088646674725664,0.9279293626722415,4.662279169064824
12kHz_FE_data\IR\0021\IR021_2.mat,IR021_2.mat,FE,12000.0,3.0,内圈,,,0.021,2.0,1758,0.001252235080832119,0.2909948182799143,0.2909975126327681,3.0087207758001195,0.06140797587658182,1.526601128969721,5.2460968314057554
12kHz_FE_data\IR\0021\IR021_2.mat,IR021_2.mat,BA,12000.0,3.0,内圈,,,0.021,2.0,1758,-0.00023495242299396206,0.10244175431495803,0.10244202374888584,-0.7781752968409217,0.1217887589559182,0.33299854245336613,3.2506048813486843
12kHz_FE_data\IR\0021\IR021_3.mat,IR021_3.mat,DE,12000.0,3.0,内圈,,,0.021,3.0,1737,2.438890515901969e-05,0.20772142097185678,0.207721422403627,0.557695203387484,-0.006856736459952684,0.8702292563256102,4.189405436646072
12kHz_FE_data\IR\0021\IR021_3.mat,IR021_3.mat,FE,12000.0,3.0,内圈,,,0.021,3.0,1737,-0.000262594134524972,0.2874150842892273,0.2874152042475539,2.8151514763399703,0.07300990858668707,1.5927118802594145,5.541501829832197
12kHz_FE_data\IR\0021\IR021_3.mat,IR021_3.mat,BA,12000.0,3.0,内圈,,,0.021,3.0,1737,-0.0007661187309828223,0.11852380296089944,0.11852627896894462,-0.8912345111894311,0.09038485226683438,0.35436171070521905,2.9897311700645415
12kHz_FE_data\OR\Centered\0007\OR007@6_0.mat,OR007@6_0.mat,DE,12000.0,3.0,外圈,6点位(Centered),,0.007,,1797,8.656956371277994e-05,0.15415702802623238,0.1541570523335535,3.6050808065818645,-0.0038269789153125124,1.0249109918569042,6.648485919666382
12kHz_FE_data\OR\Centered\0007\OR007@6_0.mat,OR007@6_0.mat,FE,12000.0,3.0,外圈,6点位(Centered),,0.007,,1797,1.2303847881576375e-05,0.42455255150075805,0.42455255167904543,9.734430643998046,0.3074750551490987,3.1921233711999744,7.518794454480551
12kHz_FE_data\OR\Centered\0007\OR007@6_0.mat,OR007@6_0.mat,BA,12000.0,3.0,外圈,6点位(Centered),,0.007,,1797,-3.7935045509563574e-05,0.08297982681201035,0.08297983548319983,-0.14095242765416272,0.012355963573047742,0.338598703710198,4.080493793926007
12kHz_FE_data\OR\Centered\0007\OR007@6_1.mat,OR007@6_1.mat,DE,12000.0,3.0,外圈,6点位(Centered),,0.007,,1776,-0.00018073607490869188,0.14723403855855108,0.1472341494891375,4.618089504297661,0.047729793740160675,0.9729467028117624,6.608159222487604
12kHz_FE_data\OR\Centered\0007\OR007@6_1.mat,OR007@6_1.mat,FE,12000.0,3.0,外圈,6点位(Centered),,0.007,,1776,5.177448041677848e-05,0.3543215152992322,0.35432151908195036,11.992898633719026,0.09597271314949371,2.8439284363491035,8.026406196602856
12kHz_FE_data\OR\Centered\0007\OR007@6_1.mat,OR007@6_1.mat,BA,12000.0,3.0,外圈,6点位(Centered),,0.007,,1776,0.0009160157883327001,0.10328884423724516,0.1032929059945085,-0.9154548039511647,-0.12477517870200563,0.31414953803956047,3.0413466928335042
12kHz_FE_data\OR\Centered\0007\OR007@6_2.mat,OR007@6_2.mat,DE,12000.0,3.0,外圈,6点位(Centered),,0.007,,1756,-5.271095330342063e-05,0.1469737337461541,0.14697374319833453,4.845420156706581,0.03562005343316227,1.0159721987861066,6.912610216473137
12kHz_FE_data\OR\Centered\0007\OR007@6_2.mat,OR007@6_2.mat,FE,12000.0,3.0,外圈,6点位(Centered),,0.007,,1756,0.00011298219136527539,0.3491288754400912,0.3491288937212706,12.646843859398928,0.08905354156566539,3.1226535779345115,8.94412818329354
12kHz_FE_data\OR\Centered\0007\OR007@6_2.mat,OR007@6_2.mat,BA,12000.0,3.0,外圈,6点位(Centered),,0.007,,1756,-2.162359672808361e-06,0.1280093412676049,0.1280093412858684,-1.100472861843319,-0.06787915803250122,0.35591034341803096,2.780346651602696
12kHz_FE_data\OR\Centered\0007\OR007@6_3.mat,OR007@6_3.mat,DE,12000.0,3.0,外圈,6点位(Centered),,0.007,,1733,9.298554154290142e-05,0.15499049530068823,0.15499052319372172,5.155752824071161,0.04724880447184899,1.1793274651792378,7.6090295127606185
12kHz_FE_data\OR\Centered\0007\OR007@6_3.mat,OR007@6_3.mat,FE,12000.0,3.0,外圈,6点位(Centered),,0.007,,1733,0.00021292682045317578,0.35349588570542245,0.3534959498332222,12.44745724893215,0.026798826142926335,3.1363956752358244,8.872508091579443
12kHz_FE_data\OR\Centered\0007\OR007@6_3.mat,OR007@6_3.mat,BA,12000.0,3.0,外圈,6点位(Centered),,0.007,,1733,-3.5352839947267416e-05,0.151089509421046,0.1510895135570819,-1.1353084471565265,-0.03544241582922832,0.38094791906151015,2.521339238527546
12kHz_FE_data\OR\Centered\0014\OR014@6_0.mat,OR014@6_0.mat,DE,12000.0,3.0,外圈,6点位(Centered),,0.014,,1797,-0.0003328647761905201,0.5401021074947324,0.5401022100669564,2.510094886765941,0.05478569513103125,2.5769659823129643,4.771256133155793
12kHz_FE_data\OR\Centered\0014\OR014@6_0.mat,OR014@6_0.mat,FE,12000.0,3.0,外圈,6点位(Centered),,0.014,,1797,0.03761332629402109,0.906171994397053,0.9069522841607672,4.809875774539436,0.15014070906158994,4.959993971640342,5.468858790327639
12kHz_FE_data\OR\Centered\0014\OR014@6_0.mat,OR014@6_0.mat,BA,12000.0,3.0,外圈,6点位(Centered),,0.014,,1797,-5.986059288904731e-05,0.12672806247782364,0.1267280766155383,-0.6342417415190291,0.024120010318438218,0.432294748931168,3.4111994790439653
12kHz_FE_data\OR\Centered\0021\OR021@6_0.mat,OR021@6_0.mat,DE,12000.0,3.0,外圈,6点位(Centered),,0.021,,1797,0.0005552938150761459,0.3825896147963977,0.38259001777526425,2.71435086419074,0.023445745789997436,1.9571460249278505,5.115517744839569
12kHz_FE_data\OR\Centered\0021\OR021@6_0.mat,OR021@6_0.mat,FE,12000.0,3.0,外圈,6点位(Centered),,0.021,,1797,5.202579311872734e-05,0.8390587558856913,0.8390587574986195,5.797196133820721,0.4322321716101895,5.401136485821979,6.437137372743369
12kHz_FE_data\OR\Centered\0021\OR021@6_0.mat,OR021@6_0.mat,BA,12000.0,3.0,外圈,6点位(Centered),,0.021,,1797,0.0013394425623836,0.1102618798494723,0.1102700152095636,0.3845371050904127,-0.020712883947881445,0.4929874384872106,4.470729758677447
12kHz_FE_data\OR\Opposite\0007\OR007@12_0.mat,OR007@12_0.mat,DE,12000.0,3.0,外圈,12点位(Opposite),,0.007,,1797,-7.853795048223721e-05,0.09994719163861458,0.0999472224959534,0.39999825196673955,-0.015067050295126241,0.4556334556622922,4.558740546099113
12kHz_FE_data\OR\Opposite\0007\OR007@12_0.mat,OR007@12_0.mat,FE,12000.0,3.0,外圈,12点位(Opposite),,0.007,,1797,3.440210914794295e-05,0.12991296705598548,0.12991297161097765,0.04410203155131054,-0.07915202551185649,0.562705343894848,4.331402298916388
12kHz_FE_data\OR\Opposite\0007\OR007@12_0.mat,OR007@12_0.mat,BA,12000.0,3.0,外圈,12点位(Opposite),,0.007,,1797,-0.000398933129283152,0.08547939042799416,0.08548032133528219,-0.3102072078049072,0.0011694181597101362,0.28311851059969806,3.312089919377038
12kHz_FE_data\OR\Opposite\0007\OR007@12_1.mat,OR007@12_1.mat,DE,12000.0,3.0,外圈,12点位(Opposite),,0.007,,1775,0.00017543029009516002,0.10307196027185696,0.10307210956446919,1.6115819595984773,0.016050718161577292,0.8936240026575824,8.669891461750295
12kHz_FE_data\OR\Opposite\0007\OR007@12_1.mat,OR007@12_1.mat,FE,12000.0,3.0,外圈,12点位(Opposite),,0.007,,1775,5.5843144140116e-06,0.1761336228661538,0.17613362295467913,8.742235984503226,-0.05048079524273434,2.138263305685586,12.140006375930742
12kHz_FE_data\OR\Opposite\0007\OR007@12_1.mat,OR007@12_1.mat,BA,12000.0,3.0,外圈,12点位(Opposite),,0.007,,1775,0.00068041261166447,0.11791617336448319,0.11791813644323322,-1.119630545882134,-0.11253295932461607,0.3040299117503533,2.578313403864857
12kHz_FE_data\OR\Opposite\0007\OR007@12_2.mat,OR007@12_2.mat,DE,12000.0,3.0,外圈,12点位(Opposite),,0.007,,1755,-4.936356626986264e-05,0.10645094933418273,0.1064509607796492,-0.03143791844600807,-0.01225927848208894,0.4531496955933269,4.256886854514496
12kHz_FE_data\OR\Opposite\0007\OR007@12_2.mat,OR007@12_2.mat,FE,12000.0,3.0,外圈,12点位(Opposite),,0.007,,1755,-7.539822246712964e-05,0.16467116784320407,0.16467118510454898,0.2852906764643719,-0.10671361906459007,0.7736456617866808,4.698124090717491
12kHz_FE_data\OR\Opposite\0007\OR007@12_2.mat,OR007@12_2.mat,BA,12000.0,3.0,外圈,12点位(Opposite),,0.007,,1755,-0.0003053338908618186,0.15015226013131203,0.1501525705784823,-1.2655857858271786,-0.053576959479430794,0.3558901717642545,2.370190336356823
12kHz_FE_data\OR\Opposite\0007\OR007@12_3.mat,OR007@12_3.mat,DE,12000.0,3.0,外圈,12点位(Opposite),,0.007,,1733,0.00015057355385785062,0.10969663410241728,0.10969673744371224,0.07175000350482508,-0.0023556650875098555,0.510057082949511,4.649701484615551
12kHz_FE_data\OR\Opposite\0007\OR007@12_3.mat,OR007@12_3.mat,FE,12000.0,3.0,外圈,12点位(Opposite),,0.007,,1733,0.0003327493424139739,0.16911610197898405,0.16911642933402718,0.23003574344704125,0.0005252793390567576,0.761036733572449,4.500075696781071
12kHz_FE_data\OR\Opposite\0007\OR007@12_3.mat,OR007@12_3.mat,BA,12000.0,3.0,外圈,12点位(Opposite),,0.007,,1733,4.573132103050548e-06,0.17996649722137636,0.17996649727948033,-1.261331902002717,-0.03125387138079408,0.4225658980777015,2.348025351749079
12kHz_FE_data\OR\Orthogonal\0007\OR007@3_0.mat,OR007@3_0.mat,DE,12000.0,3.0,外圈,3点位(Orthogonal),,0.007,,1797,-3.637304058021611e-05,0.08554608101802863,0.08554608875069157,0.18465526234809682,-0.00406545269432431,0.3806294245242901,4.449407682840591
12kHz_FE_data\OR\Orthogonal\0007\OR007@3_0.mat,OR007@3_0.mat,FE,12000.0,3.0,外圈,3点位(Orthogonal),,0.007,,1797,0.000499026819609669,0.09705868476464123,0.09705996762831054,0.05170708864517959,0.035642715483565034,0.46922813886470605,4.834414747196362
12kHz_FE_data\OR\Orthogonal\0007\OR007@3_0.mat,OR007@3_0.mat,BA,12000.0,3.0,外圈,3点位(Orthogonal),,0.007,,1797,0.00022754070180013426,0.08465397028662336,0.0846542760884498,-0.5049604680203856,-0.03447406645201498,0.2576424059154106,3.0434659395848667
12kHz_FE_data\OR\Orthogonal\0007\OR007@3_1.mat,OR007@3_1.mat,DE,12000.0,3.0,外圈,3点位(Orthogonal),,0.007,,1776,-0.00013788771648436796,0.09332889691251205,0.0933289987727751,0.19254065830781242,0.005242219173504212,0.4630722547286254,4.961718874280988
12kHz_FE_data\OR\Orthogonal\0007\OR007@3_1.mat,OR007@3_1.mat,FE,12000.0,3.0,外圈,3点位(Orthogonal),,0.007,,1776,0.00012434159367635613,0.09606344948410563,0.09606352995605165,0.019828071711236905,-0.02408378253836237,0.4034484642005295,4.199808859669265
12kHz_FE_data\OR\Orthogonal\0007\OR007@3_1.mat,OR007@3_1.mat,BA,12000.0,3.0,外圈,3点位(Orthogonal),,0.007,,1776,-0.00018567643934546484,0.11378334998924762,0.11378350148644463,-1.1011967003296224,-0.11224021563395851,0.2882188304156066,2.533045886709181
12kHz_FE_data\OR\Orthogonal\0007\OR007@3_2.mat,OR007@3_2.mat,DE,12000.0,3.0,外圈,3点位(Orthogonal),,0.007,,1755,0.00025411850655532883,0.09134573059362752,0.09134608406439192,0.08983398010020194,0.011860053168593478,0.3910095633696922,4.280529016373168
12kHz_FE_data\OR\Orthogonal\0007\OR007@3_2.mat,OR007@3_2.mat,FE,12000.0,3.0,外圈,3点位(Orthogonal),,0.007,,1755,0.0006231483772667705,0.10583029744800469,0.10583213203858854,0.002619178919961218,-0.04425815471559876,0.46597341608826776,4.402948396790914
12kHz_FE_data\OR\Orthogonal\0007\OR007@3_2.mat,OR007@3_2.mat,BA,12000.0,3.0,外圈,3点位(Orthogonal),,0.007,,1755,0.0005241504855892683,0.14145551656763808,0.14145648766015953,-1.2308106584435854,-0.05505897807716074,0.3364911950831546,2.3787611346010085
12kHz_FE_data\OR\Orthogonal\0007\OR007@3_3.mat,OR007@3_3.mat,DE,12000.0,3.0,外圈,3点位(Orthogonal),,0.007,,1733,-1.9092617564757177e-06,0.09734845393677521,0.09734845395549807,0.09685806592365065,0.028650242411844693,0.41725045540890215,4.286153898239045
12kHz_FE_data\OR\Orthogonal\0007\OR007@3_3.mat,OR007@3_3.mat,FE,12000.0,3.0,外圈,3点位(Orthogonal),,0.007,,1733,4.457147756484622e-06,0.14689208499343398,0.1468920850610556,-0.21479290269025375,-0.1264215296248963,0.5766995906644313,3.9260086098221456
12kHz_FE_data\OR\Orthogonal\0007\OR007@3_3.mat,OR007@3_3.mat,BA,12000.0,3.0,外圈,3点位(Orthogonal),,0.007,,1733,-0.000481101131729372,0.1663836669342621,0.16638436248875796,-1.2643058928536823,-0.0338366544313787,0.3752463891139252,2.255298415674606
12kHz_FE_data\OR\Orthogonal\0014\OR014@3_0.mat,OR014@3_0.mat,DE,12000.0,3.0,外圈,3点位(Orthogonal),,0.014,,1796,0.0002345021318109408,0.19825066906734765,0.1982508077585078,3.449835504605586,-0.0008249564814557336,1.1894380237541946,5.999662938085308
12kHz_FE_data\OR\Orthogonal\0014\OR014@3_0.mat,OR014@3_0.mat,FE,12000.0,3.0,外圈,3点位(Orthogonal),,0.014,,1796,0.00017411588320747295,0.42686407516663677,0.4268641106771673,7.164260295336431,0.07339620544609858,3.1412079191660363,7.358800706348672
12kHz_FE_data\OR\Orthogonal\0014\OR014@3_0.mat,OR014@3_0.mat,BA,12000.0,3.0,外圈,3点位(Orthogonal),,0.014,,1796,-1.4290024486481331e-05,0.11294512280092699,0.11294512370492706,-0.8032233085809577,0.03344927083316667,0.40743976537610704,3.6074135120747415
12kHz_FE_data\OR\Orthogonal\0014\OR014@3_1.mat,OR014@3_1.mat,DE,12000.0,3.0,外圈,3点位(Orthogonal),,0.014,,1774,0.0028278828066090043,0.11340956236686996,0.11344481370874951,0.7557915655206351,-0.018536184188039945,0.6495780838323354,5.725939005903063
12kHz_FE_data\OR\Orthogonal\0014\OR014@3_1.mat,OR014@3_1.mat,FE,12000.0,3.0,外圈,3点位(Orthogonal),,0.014,,1774,0.006387063095238096,0.2852413852761004,0.2853128851790807,3.54980352244974,0.04226773152564848,2.079214285714286,7.287488205831424
12kHz_FE_data\OR\Orthogonal\0014\OR014@3_1.mat,OR014@3_1.mat,BA,12000.0,3.0,外圈,3点位(Orthogonal),,0.014,,1774,0.004693860168150346,0.1497706902125298,0.14984422568125783,-1.0772370875356199,-0.03522689347458425,0.4642992284866469,3.0985460158757414
12kHz_FE_data\OR\Orthogonal\0014\OR014@3_2.mat,OR014@3_2.mat,DE,12000.0,3.0,外圈,3点位(Orthogonal),,0.014,,1752,8.607819776853686e-05,0.22344255518021497,0.22344257176044036,1.8815557602751776,0.010392159462700216,1.0639861705386424,4.761788061047627
12kHz_FE_data\OR\Orthogonal\0014\OR014@3_2.mat,OR014@3_2.mat,FE,12000.0,3.0,外圈,3点位(Orthogonal),,0.014,,1752,-0.00022463514661020718,0.4029592691923958,0.4029593318053557,5.451300866024948,0.07470449200706199,2.4873014138072143,6.17258670413091
12kHz_FE_data\OR\Orthogonal\0014\OR014@3_2.mat,OR014@3_2.mat,BA,12000.0,3.0,外圈,3点位(Orthogonal),,0.014,,1752,0.0007552326127573803,0.19831415825756918,0.1983155963148324,-1.2899154233058825,-0.017221086903527572,0.5022844911458975,2.532753351120729
12kHz_FE_data\OR\Orthogonal\0014\OR014@3_3.mat,OR014@3_3.mat,DE,12000.0,3.0,外圈,3点位(Orthogonal),,0.014,,1728,0.0004680019070618039,0.2860329734250576,0.2860333562928714,1.764660479221643,0.02623562359322581,1.3194211450285966,4.612822651626801
12kHz_FE_data\OR\Orthogonal\0014\OR014@3_3.mat,OR014@3_3.mat,FE,12000.0,3.0,外圈,3点位(Orthogonal),,0.014,,1728,0.0001598401609686582,0.7353140442312514,0.7353140616040168,5.500965255954842,0.09699565261070132,4.381076422051301,5.958102327724299
12kHz_FE_data\OR\Orthogonal\0014\OR014@3_3.mat,OR014@3_3.mat,BA,12000.0,3.0,外圈,3点位(Orthogonal),,0.014,,1728,0.0002143259108622889,0.2335006137560174,0.2335007121188989,-1.2893139756937786,-0.01217102244491426,0.6316578423779607,2.705164522394774
12kHz_FE_data\OR\Orthogonal\0021\OR021@3_1.mat,OR021@3_1.mat,DE,12000.0,3.0,外圈,3点位(Orthogonal),,0.021,,1773,-0.00012108240024539061,0.10280274651192305,0.10280281781810437,0.4911385610751977,-0.02194675230740341,0.4896138185668012,4.762649788774335
12kHz_FE_data\OR\Orthogonal\0021\OR021@3_1.mat,OR021@3_1.mat,FE,12000.0,3.0,外圈,3点位(Orthogonal),,0.021,,1773,2.7870707171774173e-06,0.16930371082054957,0.1693037108434899,0.9402237563861764,-0.09087561019768951,0.7899572795310347,4.665918281385444
12kHz_FE_data\OR\Orthogonal\0021\OR021@3_1.mat,OR021@3_1.mat,BA,12000.0,3.0,外圈,3点位(Orthogonal),,0.021,,1773,9.601345976674935e-05,0.11364573263685011,0.11364577319527054,-1.1630549256081548,-0.06272005491521633,0.3029406277766329,2.665656797073382
12kHz_FE_data\OR\Orthogonal\0021\OR021@3_2.mat,OR021@3_2.mat,DE,12000.0,3.0,外圈,3点位(Orthogonal),,0.021,,1751,-7.785005962904086e-05,0.08561057959352633,0.08561061499003082,0.3166784688973654,-0.056824181344014076,0.4163640444613811,4.863462837054328
12kHz_FE_data\OR\Orthogonal\0021\OR021@3_2.mat,OR021@3_2.mat,FE,12000.0,3.0,外圈,3点位(Orthogonal),,0.021,,1751,5.593328627502858e-05,0.13118927251271145,0.13118928443644692,0.7047443195465335,0.06582267827486141,0.6673295179471697,5.0867684873336545
12kHz_FE_data\OR\Orthogonal\0021\OR021@3_2.mat,OR021@3_2.mat,BA,12000.0,3.0,外圈,3点位(Orthogonal),,0.021,,1751,-2.6450169173690162e-05,0.1397522167436502,0.1397522192466926,-1.280432865326345,-0.029668290972716477,0.3135516865786692,2.2436258133774847
12kHz_FE_data\OR\Orthogonal\0021\OR021@3_3.mat,OR021@3_3.mat,DE,12000.0,3.0,外圈,3点位(Orthogonal),,0.021,,1728,0.00015495611522447442,0.10477863899066175,0.10477875357214873,0.6130297009301993,-0.009662361150798047,0.5141895449820254,4.907383677053993
12kHz_FE_data\OR\Orthogonal\0021\OR021@3_3.mat,OR021@3_3.mat,FE,12000.0,3.0,外圈,3点位(Orthogonal),,0.021,,1728,-1.381241419191678e-05,0.14528819000722576,0.1452881906637925,0.5280940698028482,0.008771447037742002,0.7433625877301083,5.116469441417325
12kHz_FE_data\OR\Orthogonal\0021\OR021@3_3.mat,OR021@3_3.mat,BA,12000.0,3.0,外圈,3点位(Orthogonal),,0.021,,1728,0.0005961883370532849,0.16617647678994094,0.16617754625355083,-1.2991805243368109,-0.017185166372819,0.36052270438302586,2.169503115859868
48kHz_DE_data\B\0007\B007_0.mat,B007_0.mat,DE,48000.0,3.0,滚动体,,,0.007,0.0,1796,0.00036497498910393483,0.14614893820373048,0.146149393925601,0.10521983329940587,-0.020046441524783274,0.7000297348352578,4.789823043615328
48kHz_DE_data\B\0007\B007_0.mat,B007_0.mat,FE,48000.0,3.0,滚动体,,,0.007,0.0,1796,-0.0002959537662655241,0.10832110815357614,0.10832151245366962,-0.26427509576545205,-0.01622759564105297,0.4608112312968658,4.254106325315206
48kHz_DE_data\B\0007\B007_1.mat,B007_1.mat,DE,48000.0,3.0,滚动体,,,0.007,1.0,1772,-0.000961233373613056,0.1402467141316641,0.1402500081794196,0.05720347556682581,-0.0041991198693383264,0.6564659446135664,4.680683824087625
48kHz_DE_data\B\0007\B007_1.mat,B007_1.mat,FE,48000.0,3.0,滚动体,,,0.007,1.0,1772,0.0004916929822008283,0.08783323276633977,0.08783460901133884,-0.07842705182328169,-0.028220086168101025,0.4047346878511325,4.607918136219904
48kHz_DE_data\B\0007\B007_2.mat,B007_2.mat,DE,48000.0,3.0,滚动体,,,0.007,2.0,1747,-0.0002132393490464974,0.13861369644985425,0.1386138604704173,0.0692118809084743,0.006289361240983366,0.6188696558817226,4.464702546927481
48kHz_DE_data\B\0007\B007_2.mat,B007_2.mat,FE,48000.0,3.0,滚动体,,,0.007,2.0,1747,0.0007480420457359146,0.09635404545558947,0.0963569491140104,-0.039695694286835614,-0.007515770445529516,0.4039286908077995,4.192003737373082
48kHz_DE_data\B\0007\B007_3.mat,B007_3.mat,DE,48000.0,3.0,滚动体,,,0.007,3.0,1721,0.00028430904991981503,0.14119443430303513,0.14119472054503301,0.04335771343693873,0.026158180971772946,0.6224476538191505,4.408434333921327
48kHz_DE_data\B\0007\B007_3.mat,B007_3.mat,FE,48000.0,3.0,滚动体,,,0.007,3.0,1721,-0.00024607249682369504,0.14129097784283035,0.14129119212271116,-0.3579078023307978,-0.17120855901988197,0.5719872729766217,4.048286835033933
48kHz_DE_data\B\0014\B014_0.mat,B014_0.mat,DE,48000.0,3.0,滚动体,,,0.014,0.0,1797,-0.0006987297146062229,0.13452761612591244,0.1345294306972825,7.961777422037937,-0.007097519198442735,1.2870354553110348,9.566943446056174
48kHz_DE_data\B\0014\B014_0.mat,B014_0.mat,FE,48000.0,3.0,滚动体,,,0.014,0.0,1797,-0.000632282092667743,0.13208989600462884,0.13209140928598787,8.029391148464592,-0.00781614171965044,1.2675349181093525,9.595892154992788
48kHz_DE_data\B\0014\B014_1.mat,B014_1.mat,DE,48000.0,3.0,滚动体,,,0.014,1.0,1772,0.000633703894405533,0.1483593249662382,0.14836067836547412,11.979499914674005,0.0837692413675278,2.304677642907226,15.534288925464775
48kHz_DE_data\B\0014\B014_1.mat,B014_1.mat,FE,48000.0,3.0,滚动体,,,0.014,1.0,1772,-9.83194381041015e-06,0.08235306502918197,0.0823530656160886,2.713356595081244,-0.07464687519101355,0.954674049671083,11.592453086343596
48kHz_DE_data\B\0014\B014_2.mat,B014_2.mat,DE,48000.0,3.0,滚动体,,,0.014,2.0,1748,-0.0008251668260812194,0.16539017527691113,0.16539223373066297,23.070227686146318,0.24337686315432133,2.9103422052123804,17.596607407526754
48kHz_DE_data\B\0014\B014_2.mat,B014_2.mat,FE,48000.0,3.0,滚动体,,,0.014,2.0,1748,-0.0002622941958805605,0.10141716311924892,0.10141750230311106,1.9144671353953342,-0.039200054325937185,1.0449043625970487,10.302998386551623
48kHz_DE_data\B\0014\B014_3.mat,B014_3.mat,DE,48000.0,3.0,滚动体,,,0.014,3.0,1725,-0.000425394773623316,0.17582736418080017,0.1758278787777443,13.226195055099907,0.3224942577845927,2.314439369187915,13.163096690221055
48kHz_DE_data\B\0014\B014_3.mat,B014_3.mat,FE,48000.0,3.0,滚动体,,,0.014,3.0,1725,-1.9454677696177802e-06,0.12398804663910598,0.12398804665436892,1.0484844271233236,0.0006273594200428137,0.8179625926394868,6.5971084690095365
48kHz_DE_data\B\0021\B021_0.mat,B021_0.mat,DE,48000.0,3.0,滚动体,,,0.021,0.0,1797,0.002696178590412482,0.3547402834621037,0.35475052937207163,0.3493874196711655,-0.0049517031919125735,2.1387655045626346,6.02892829602924
48kHz_DE_data\B\0021\B021_0.mat,B021_0.mat,FE,48000.0,3.0,滚动体,,,0.021,0.0,1797,0.01837112634044558,0.3502734074279258,0.3507548406425581,0.3852202015809074,-0.0030750100860230324,2.106359966614716,6.0052199500825525
48kHz_DE_data\B\0021\B021_1.mat,B021_1.mat,DE,48000.0,3.0,滚动体,,,0.021,1.0,1774,0.0016680087086993775,0.22855522364707437,0.2285613101761024,7.256765112504059,-3.71502888679086e-05,2.5038089243625454,10.95464898426337
48kHz_DE_data\B\0021\B021_1.mat,B021_1.mat,FE,48000.0,3.0,滚动体,,,0.021,1.0,1774,0.0005866618096001816,0.09436746572250453,0.09436928927869973,0.9218402237316026,0.004818685608969402,0.6881250818772684,7.291832831812864
48kHz_DE_data\B\0021\B021_2.mat,B021_2.mat,DE,48000.0,3.0,滚动体,,,0.021,2.0,1754,-0.0005471102534796967,0.35021999502610596,0.3502204223709907,11.955551985749793,0.04865052438477923,3.421039832843223,9.76824769293235
48kHz_DE_data\B\0021\B021_2.mat,B021_2.mat,FE,48000.0,3.0,滚动体,,,0.021,2.0,1754,0.0005665952732180789,0.10804813430013238,0.10804961987875326,1.6937237008177508,0.0024457823688109727,1.1086977523565513,10.261005578739331
48kHz_DE_data\B\0021\B021_3.mat,B021_3.mat,DE,48000.0,3.0,滚动体,,,0.021,3.0,1729,-0.0014701173160488559,0.3793095112033077,0.3793123601126322,13.188209457623476,0.05242361335253506,3.4296368060852793,9.041721722611122
48kHz_DE_data\B\0021\B021_3.mat,B021_3.mat,FE,48000.0,3.0,滚动体,,,0.021,3.0,1729,-0.0007522211183210988,0.11738830849354999,0.11739071857513995,0.5790991339489673,0.0014623090444569593,0.8506641162319574,7.246434186255199
48kHz_DE_data\IR\0007\IR007_0.mat,IR007_0.mat,DE,48000.0,3.0,内圈,,,0.007,0.0,1796,-0.0004154526345666798,0.5827469968244715,0.5827471449169288,3.0426945834511283,0.004757318927963821,3.492756679495063,5.9936058202275
48kHz_DE_data\IR\0007\IR007_0.mat,IR007_0.mat,FE,48000.0,3.0,内圈,,,0.007,0.0,1796,-0.00042469453793421544,0.4956600868521726,0.49566026879683817,0.4243132498575619,-0.2338646808942139,2.570153553501879,5.1853128348185935
48kHz_DE_data\IR\0007\IR007_1.mat,IR007_1.mat,DE,48000.0,3.0,内圈,,,0.007,1.0,1772,-0.0003395036753578211,0.27732230848023376,0.27732251629384785,4.354527984664835,-0.10062006031771482,1.5949426037394603,5.751219284515206
48kHz_DE_data\IR\0007\IR007_1.mat,IR007_1.mat,FE,48000.0,3.0,内圈,,,0.007,1.0,1772,0.0015114278905956303,0.23177012348021248,0.23177505161751427,0.42092331149797424,-0.15561600457065175,1.1288617332078892,4.87050580004093
48kHz_DE_data\IR\0007\IR007_2.mat,IR007_2.mat,DE,48000.0,3.0,内圈,,,0.007,2.0,1748,-0.0007428618676043923,0.280587124015915,0.2805881073874601,4.465529673672983,-0.08229001077380234,1.6793359891240147,5.985057616162768
48kHz_DE_data\IR\0007\IR007_2.mat,IR007_2.mat,FE,48000.0,3.0,内圈,,,0.007,2.0,1748,-0.00010614014070692559,0.233489869663759,0.23348989378842216,0.14148845696596668,-0.0383141980472209,1.0049772223629292,4.304157263755465
48kHz_DE_data\IR\0007\IR007_3.mat,IR007_3.mat,DE,48000.0,3.0,内圈,,,0.007,3.0,1721,-4.5023436836639214e-05,0.2792499037931283,0.27924990742269057,3.778469230062174,-0.156996173278366,1.5351486341163236,5.497400691319207
48kHz_DE_data\IR\0007\IR007_3.mat,IR007_3.mat,FE,48000.0,3.0,内圈,,,0.007,3.0,1721,-0.00024739702765645075,0.2230357415137875,0.22303587872334424,0.31450449897304456,-0.224909321085739,1.0105733644897776,4.530990127123458
48kHz_DE_data\IR\0014\IR014_0.mat,IR014_0.mat,DE,48000.0,1.3289166666666667,内圈,,,0.014,0.0,1796,-2.4263806894234627e-16,0.1781690031909218,0.1781690031909218,8.670065675006283,-0.09130431692110874,1.41223495930269,7.92637851708342
48kHz_DE_data\IR\0014\IR014_0.mat,IR014_0.mat,FE,48000.0,1.3289166666666667,内圈,,,0.014,0.0,1796,6.9341075595827175e-18,0.0931328868165423,0.0931328868165423,1.355323033894205,-0.07657427497740234,0.5147959056989916,5.527541594550394
48kHz_DE_data\IR\0014\IR014_1.mat,IR014_1.mat,DE,48000.0,3.0,内圈,,,0.014,1.0,1772,0.0011271667409206427,0.2599264793164348,0.2599289232746115,16.156819774133464,0.13834985769592995,2.9056314696483274,11.178561558455602
48kHz_DE_data\IR\0014\IR014_1.mat,IR014_1.mat,FE,48000.0,3.0,内圈,,,0.014,1.0,1772,4.551438234897835e-05,0.09215123629812579,0.09215124753812079,0.6317978610153214,0.014644944561656027,0.5647767513015408,6.1288020118002855
48kHz_DE_data\IR\0014\IR014_2.mat,IR014_2.mat,DE,48000.0,3.0,内圈,,,0.014,2.0,1751,0.0003257666042291508,0.23710775923652952,0.23710798302471492,17.248463730238694,0.131325051757933,2.651053651567192,11.18078614540304
48kHz_DE_data\IR\0014\IR014_2.mat,IR014_2.mat,FE,48000.0,3.0,内圈,,,0.014,2.0,1751,-2.462647312127686e-05,0.09502067942206481,0.09502068261328156,0.7356921745884271,-0.028229746453894807,0.5868875026473638,6.1764185070728095
48kHz_DE_data\IR\0014\IR014_3.mat,IR014_3.mat,DE,48000.0,3.0,内圈,,,0.014,3.0,1726,0.004625759430831108,0.2967083715354941,0.29674442773126636,9.696934316507907,0.410695707984098,2.6455133576669425,8.915123960011597
48kHz_DE_data\IR\0014\IR014_3.mat,IR014_3.mat,FE,48000.0,3.0,内圈,,,0.014,3.0,1726,0.00012567063274596116,0.09892330634221298,0.09892338616719129,0.9274928556777118,-0.010902004234297557,0.6034038095313954,6.099708399706185
48kHz_DE_data\IR\0021\IR021_0.mat,IR021_0.mat,DE,48000.0,3.0,内圈,,,0.021,0.0,1796,0.00013403153168224045,0.5810362275054396,0.5810362429644165,1.2306039008387355,-0.030238583384645315,3.0638240894419386,5.273034387339537
48kHz_DE_data\IR\0021\IR021_0.mat,IR021_0.mat,FE,48000.0,3.0,内圈,,,0.021,0.0,1796,2.216960190926904e-05,0.5739937841260226,0.5739937845541556,1.2553849226682399,-0.035996049480757034,3.017402512329182,5.2568557247931205
48kHz_DE_data\IR\0021\IR021_1.mat,IR021_1.mat,DE,48000.0,3.0,内圈,,,0.021,1.0,1774,0.00010157657732639825,0.5967236435424199,0.5967236521877963,0.873207090892989,0.019184277383378356,3.1757090510260446,5.321909127253112
48kHz_DE_data\IR\0021\IR021_1.mat,IR021_1.mat,FE,48000.0,3.0,内圈,,,0.021,1.0,1774,0.00022524987478568094,0.19257393952276158,0.19257407125784695,1.0311530407131215,0.12130853805417915,1.0302336657712503,5.3498046701823085
48kHz_DE_data\IR\0021\IR021_2.mat,IR021_2.mat,DE,48000.0,3.0,内圈,,,0.021,2.0,1752,0.0009621867063207027,0.7714484708924676,0.7714490709344228,0.6846438239284351,0.05975074433243902,3.428610406050089,4.444376868452459
48kHz_DE_data\IR\0021\IR021_2.mat,IR021_2.mat,FE,48000.0,3.0,内圈,,,0.021,2.0,1752,0.00030981389411162234,0.19034766254426821,0.1903479146739349,1.0460540812557415,0.06444557866515163,1.0604244377094236,5.57098006314346
48kHz_DE_data\IR\0021\IR021_3.mat,IR021_3.mat,DE,48000.0,3.0,内圈,,,0.021,3.0,1727,-8.740061700975349e-06,0.40305734946130095,0.40305734955606254,0.6147002358880651,0.04632280230849343,1.8312379124719573,4.543368119918738
48kHz_DE_data\IR\0021\IR021_3.mat,IR021_3.mat,FE,48000.0,3.0,内圈,,,0.021,3.0,1727,0.00021562920751728217,0.19405516518007063,0.19405528498090344,1.5704164105481118,0.0063066567428284506,1.312290825646911,6.76245857347328
48kHz_DE_data\OR\Centered\0007\OR007@6_0.mat,OR007@6_0.mat,DE,48000.0,3.0,外圈,6点位(Centered),,0.007,,1796,-0.000881195575229958,1.2463087773403707,1.2463090888625064,3.718054344158693,0.07661476685327495,6.52853247341551,5.2382932386171035
48kHz_DE_data\OR\Centered\0007\OR007@6_0.mat,OR007@6_0.mat,FE,48000.0,3.0,外圈,6点位(Centered),,0.007,,1796,0.0001899303432447156,0.23554901151506435,0.23554908808836258,0.5626557329944766,0.03368073433060148,1.0540598576365532,4.474905278517313
48kHz_DE_data\OR\Centered\0007\OR007@6_1.mat,OR007@6_1.mat,DE,48000.0,3.0,外圈,6点位(Centered),,0.007,,1774,-0.00111094408945672,1.0592384742506242,1.0592390568372938,3.8882230226014443,0.07330208777828627,5.264650830401284,4.9702197029258235
48kHz_DE_data\OR\Centered\0007\OR007@6_1.mat,OR007@6_1.mat,FE,48000.0,3.0,外圈,6点位(Centered),,0.007,,1774,0.0008658158675191991,0.21918032952340358,0.2191820396088699,0.7197293920690702,0.025598041089490195,1.0383780543597534,4.737514333805533
48kHz_DE_data\OR\Centered\0007\OR007@6_2.mat,OR007@6_2.mat,DE,48000.0,3.0,外圈,6点位(Centered),,0.007,,1750,-0.0005766257851962381,1.0229177973297852,1.0229179598537292,3.9700635114912313,0.0825010770096221,5.45691319727036,5.334653815297822
48kHz_DE_data\OR\Centered\0007\OR007@6_2.mat,OR007@6_2.mat,FE,48000.0,3.0,外圈,6点位(Centered),,0.007,,1750,4.056557620072227e-05,0.20224564755395408,0.20224565162218983,1.017703985394789,0.027727500721516203,1.052603827129231,5.204580759518996
48kHz_DE_data\OR\Centered\0007\OR007@6_3.mat,OR007@6_3.mat,DE,48000.0,3.0,外圈,6点位(Centered),,0.007,,1725,-0.0002137557021112996,0.9973657378537703,0.9973657607598607,4.394692810245372,0.08186755562976505,5.262557636850259,5.276457087158162
48kHz_DE_data\OR\Centered\0007\OR007@6_3.mat,OR007@6_3.mat,FE,48000.0,3.0,外圈,6点位(Centered),,0.007,,1725,-0.0005850431611316275,0.21520658150372757,0.21520737672770632,1.0347431299196854,0.06322031101919331,1.098658683896949,5.105116286450719
48kHz_DE_data\OR\Centered\0014\OR014@6_0.mat,OR014@6_0.mat,DE,48000.0,3.0,外圈,6点位(Centered),,0.014,,1796,0.03617297661332613,0.14797611326347238,0.15233323450131372,1.3983344873371504,-0.06811998842442364,1.115782069536403,7.324613523694203
48kHz_DE_data\OR\Centered\0014\OR014@6_0.mat,OR014@6_0.mat,FE,48000.0,3.0,外圈,6点位(Centered),,0.014,,1796,0.0015472101368616117,0.14546790937225026,0.14547613727460879,1.4709170700375447,-0.02282228550959194,1.098876280604033,7.553653136457243
48kHz_DE_data\OR\Centered\0014\OR014@6_1.mat,OR014@6_1.mat,DE,48000.0,3.0,外圈,6点位(Centered),,0.014,,1772,0.0014938101187771842,0.1354849660535098,0.13549320091868688,0.1287591135274253,-0.005975836088932762,0.623511974516213,4.601795295177943
48kHz_DE_data\OR\Centered\0014\OR014@6_1.mat,OR014@6_1.mat,FE,48000.0,3.0,外圈,6点位(Centered),,0.014,,1772,0.0009355612036825342,0.10204754588194852,0.10205183435536191,-0.19521601263337063,-0.005629075690857202,0.544845988051368,5.3389142046591855
48kHz_DE_data\OR\Centered\0014\OR014@6_2.mat,OR014@6_2.mat,DE,48000.0,3.0,外圈,6点位(Centered),,0.014,,1749,0.00025998505992429313,0.1566884529331777,0.15668866862292255,7.415168212721063,-0.013737755787438383,1.8891098277265908,12.05645465194939
48kHz_DE_data\OR\Centered\0014\OR014@6_2.mat,OR014@6_2.mat,FE,48000.0,3.0,外圈,6点位(Centered),,0.014,,1749,0.0001097286176176813,0.09149770429801558,0.09149777009401172,-0.05240853097189113,-0.024603903655749323,0.4354984190090318,4.759661558544736
48kHz_DE_data\OR\Centered\0014\OR014@6_3.mat,OR014@6_3.mat,DE,48000.0,3.0,外圈,6点位(Centered),,0.014,,1723,-0.0006710784032070901,0.15269207172019092,0.1526935464007146,0.024375674760022115,0.009551047220324932,0.6858107407121775,4.491419296218323
48kHz_DE_data\OR\Centered\0014\OR014@6_3.mat,OR014@6_3.mat,FE,48000.0,3.0,外圈,6点位(Centered),,0.014,,1723,0.0012675870255203247,0.09557058574755178,0.09557899160902157,0.006124607245037161,-0.010766160891577446,0.4345995970148837,4.54702011078617
48kHz_DE_data\OR\Centered\0021\OR021@6_0.mat,OR021@6_0.mat,DE,48000.0,3.0,外圈,6点位(Centered),,0.021,,1796,0.0007415630632648109,0.6690342955460419,0.6690347065231856,17.36029704281094,-0.2158977232625836,7.676813282304005,11.474461948616357
48kHz_DE_data\OR\Centered\0021\OR021@6_0.mat,OR021@6_0.mat,FE,48000.0,3.0,外圈,6点位(Centered),,0.021,,1796,0.0011353377545060168,0.6545785760846191,0.6545795606805824,18.10160216167034,-0.18685092570122228,7.560497929541824,11.550158886233765
48kHz_DE_data\OR\Centered\0021\OR021@6_1.mat,OR021@6_1.mat,DE,48000.0,3.0,外圈,6点位(Centered),,0.021,,1771,-0.00010668832126529129,0.6228715136081358,0.6228715227451709,17.86622994573536,-0.3251697135659939,6.653575043456511,10.682098635898981
48kHz_DE_data\OR\Centered\0021\OR021@6_1.mat,OR021@6_1.mat,FE,48000.0,3.0,外圈,6点位(Centered),,0.021,,1771,-0.00024293265855770437,0.21811840431157412,0.21811853959648622,12.254066968481224,0.3640636072855186,2.583761092028592,11.845673901945633
48kHz_DE_data\OR\Centered\0021\OR021@6_2.mat,OR021@6_2.mat,DE,48000.0,3.0,外圈,6点位(Centered),,0.021,,1747,0.000981838798234356,0.6150875256389793,0.6150883092728292,18.79364391969207,-0.342541077747619,7.177411849316753,11.66891280668632
48kHz_DE_data\OR\Centered\0021\OR021@6_2.mat,OR021@6_2.mat,FE,48000.0,3.0,外圈,6点位(Centered),,0.021,,1747,0.00039107085116008,0.22790751949988924,0.22790785502260125,11.833370855006235,0.2806688050595785,2.605947123743977,11.434213724162992
48kHz_DE_data\OR\Centered\0021\OR021@6_3.mat,OR021@6_3.mat,DE,48000.0,3.0,外圈,6点位(Centered),,0.021,,1719,0.000865762202425912,0.5786867724071316,0.5786874200318981,16.790129869531782,-0.2751143475361888,6.630612146332055,11.458020196752447
48kHz_DE_data\OR\Centered\0021\OR021@6_3.mat,OR021@6_3.mat,FE,48000.0,3.0,外圈,6点位(Centered),,0.021,,1719,-0.0010270800696308782,0.2390167348135526,0.23901894153895323,11.354532050247016,0.16878141027091995,2.7649084793825294,11.567737944032057
48kHz_DE_data\OR\Opposite\0007\OR007@12_0.mat,OR007@12_0.mat,DE,48000.0,2.7076875,外圈,12点位(Opposite),,0.007,,1796,9.403269283501237e-18,0.21087566058012194,0.21087566058012194,2.4940217359349663,0.02572711976891588,1.392106129080485,6.6015495825871096
48kHz_DE_data\OR\Opposite\0007\OR007@12_0.mat,OR007@12_0.mat,FE,48000.0,2.7076875,外圈,12点位(Opposite),,0.007,,1796,-4.974985493015189e-18,0.14632967176773043,0.14632967176773043,0.7101923293651531,-0.05224913845728055,0.8252924359025473,5.6399527582658475
48kHz_DE_data\OR\Opposite\0007\OR007@12_1.mat,OR007@12_1.mat,DE,48000.0,3.0,外圈,12点位(Opposite),,0.007,,1772,-0.00027599506259244004,0.26641343903024134,0.2664135819908487,7.766764692766829,0.022089779563870947,2.241903988963048,8.415126481952626
48kHz_DE_data\OR\Opposite\0007\OR007@12_1.mat,OR007@12_1.mat,FE,48000.0,3.0,外圈,12点位(Opposite),,0.007,,1772,0.0009912804430975983,0.1675969932512267,0.16759992477256247,2.34564097004945,0.01987139339374394,1.2757527040794612,7.611893059085148
48kHz_DE_data\OR\Opposite\0007\OR007@12_2.mat,OR007@12_2.mat,DE,48000.0,3.0,外圈,12点位(Opposite),,0.007,,1749,0.0017287081004722813,0.2621917232454316,0.26219742212711716,8.34639371536846,0.04136537034774303,2.1454822412799595,8.182697693495241
48kHz_DE_data\OR\Opposite\0007\OR007@12_2.mat,OR007@12_2.mat,FE,48000.0,3.0,外圈,12点位(Opposite),,0.007,,1749,-0.000882425561215942,0.15637612535723514,0.15637861508727083,1.612006661928607,0.0041121181693634535,1.005581928982933,6.430431222464427
48kHz_DE_data\OR\Opposite\0007\OR007@12_3.mat,OR007@12_3.mat,DE,48000.0,3.0,外圈,12点位(Opposite),,0.007,,1723,-0.0006681842908738757,0.2422371843490785,0.2422381059032951,7.329476988795916,0.023854213546549662,2.060541426157844,8.506264604712692
48kHz_DE_data\OR\Opposite\0007\OR007@12_3.mat,OR007@12_3.mat,FE,48000.0,3.0,外圈,12点位(Opposite),,0.007,,1723,-3.6216237109791776e-05,0.1505043977560218,0.15050440211342211,0.9275954446918968,0.018533476117800846,0.9703787775760213,6.447510929578864
48kHz_DE_data\OR\Opposite\0021\OR021@12_0.mat,OR021@12_0.mat,DE,48000.0,2.7197708333333335,外圈,12点位(Opposite),,0.021,,1796,-2.3077167957033948e-17,0.5936276560000826,0.5936276560000826,22.6428165714619,0.1538197125172347,5.6768949002954185,9.563056644878804
48kHz_DE_data\OR\Opposite\0021\OR021@12_0.mat,OR021@12_0.mat,FE,48000.0,2.7197708333333335,外圈,12点位(Opposite),,0.021,,1796,9.11656988868676e-18,0.13995872873932003,0.13995872873932003,6.351068003679623,0.15360681539652574,1.3290049418713559,9.495691721712424
48kHz_DE_data\OR\Opposite\0021\OR021@12_1.mat,OR021@12_1.mat,DE,48000.0,3.0,外圈,12点位(Opposite),,0.021,,1771,-0.0015011988303656357,0.5396596468373406,0.5396617348140699,19.88637353423129,0.15354947652426684,5.045721984632598,9.349786466463117
48kHz_DE_data\OR\Opposite\0021\OR021@12_1.mat,OR021@12_1.mat,FE,48000.0,3.0,外圈,12点位(Opposite),,0.021,,1771,-0.00029211756888000706,0.1349803626223332,0.13498067871488356,6.134373978233668,0.10579406510688151,1.107960511660918,8.208289676785789
48kHz_DE_data\OR\Opposite\0021\OR021@12_2.mat,OR021@12_2.mat,DE,48000.0,3.0,外圈,12点位(Opposite),,0.021,,1746,0.00034184544733542035,0.48015909883424746,0.4801592205213043,19.910610415280622,0.16842774111670006,5.1822476537251125,10.792769215384006
48kHz_DE_data\OR\Opposite\0021\OR021@12_2.mat,OR021@12_2.mat,FE,48000.0,3.0,外圈,12点位(Opposite),,0.021,,1746,6.515391174980744e-05,0.13518601030378655,0.1351860260044939,5.723461911963206,0.03136479698473434,1.34120932641175,9.921212761792148
48kHz_DE_data\OR\Opposite\0021\OR021@12_3.mat,OR021@12_3.mat,DE,48000.0,3.0,外圈,12点位(Opposite),,0.021,,1718,-0.000245624980631383,0.4234478515558128,0.4234479227943677,18.647795656659984,0.15313426231185645,4.103376315832484,9.690391887517041
48kHz_DE_data\OR\Opposite\0021\OR021@12_3.mat,OR021@12_3.mat,FE,48000.0,3.0,外圈,12点位(Opposite),,0.021,,1718,0.0013721515789958084,0.1411553219866209,0.14116199107798943,3.583477463414212,0.0035430145380388016,1.2360567101508022,8.756299771004954
48kHz_DE_data\OR\Orthogonal\0007\OR007@3_0.mat,OR007@3_0.mat,DE,48000.0,2.595875,外圈,3点位(Orthogonal),,0.007,,1797,1.49690589346099e-17,0.39897198525458,0.39897198525458,1.1587090426529372,0.07866254018089612,1.9518746248745236,4.892259850347768
48kHz_DE_data\OR\Orthogonal\0007\OR007@3_0.mat,OR007@3_0.mat,FE,48000.0,2.595875,外圈,3点位(Orthogonal),,0.007,,1797,2.4449462926529505e-18,0.17488567538092906,0.17488567538092906,0.10541349632119212,-0.008822513102410508,0.7712426389624565,4.409981762557547
48kHz_DE_data\OR\Orthogonal\0007\OR007@3_1.mat,OR007@3_1.mat,DE,48000.0,3.0,外圈,3点位(Orthogonal),,0.007,,1773,-0.0006119217921473531,0.4556989052213974,0.455699316071749,1.0880393669350914,0.05510130487188492,2.169287179066827,4.760347673476158
48kHz_DE_data\OR\Orthogonal\0007\OR007@3_1.mat,OR007@3_1.mat,FE,48000.0,3.0,外圈,3点位(Orthogonal),,0.007,,1773,5.201283016064487e-05,0.1981999748115642,0.19819998163632407,0.30714948446385915,0.059569465966905,1.0492974017695547,5.294134707312455
48kHz_DE_data\OR\Orthogonal\0007\OR007@3_2.mat,OR007@3_2.mat,DE,48000.0,3.0,外圈,3点位(Orthogonal),,0.007,,1750,0.00040944097230713927,0.4456246554835388,0.4456248435811591,1.3393287089669617,0.06166578965977796,2.050125052151794,4.600562741691973
48kHz_DE_data\OR\Orthogonal\0007\OR007@3_2.mat,OR007@3_2.mat,FE,48000.0,3.0,外圈,3点位(Orthogonal),,0.007,,1750,0.0005713693447871954,0.19574747595446668,0.195748309840654,0.29251278488884624,0.09526314604174375,0.9639764552412519,4.924571027080451
48kHz_DE_data\OR\Orthogonal\0007\OR007@3_3.mat,OR007@3_3.mat,DE,48000.0,3.0,外圈,3点位(Orthogonal),,0.007,,1724,-0.00022755843603454342,0.44353896157431943,0.44353901994894135,1.0905898497851805,0.047579742307809765,2.027157582371658,4.570415434035583
48kHz_DE_data\OR\Orthogonal\0007\OR007@3_3.mat,OR007@3_3.mat,FE,48000.0,3.0,外圈,3点位(Orthogonal),,0.007,,1724,0.00012006557922466177,0.19938440940562724,0.1993844455562522,0.3860957566936163,-0.0047446850869049505,1.0333910454403357,5.182907034484722
48kHz_DE_data\OR\Orthogonal\0021\OR021@3_0.mat,OR021@3_0.mat,DE,48000.0,2.6804791666666667,外圈,3点位(Orthogonal),,0.021,,1796,4.138431115473952e-18,0.4130805742400648,0.4130805742400648,5.355763108291153,-0.2453469915198397,3.255715248362,7.881550117314202
48kHz_DE_data\OR\Orthogonal\0021\OR021@3_0.mat,OR021@3_0.mat,FE,48000.0,2.6804791666666667,外圈,3点位(Orthogonal),,0.021,,1796,1.6567530737510399e-18,0.2286062111603134,0.2286062111603134,1.53294047332228,0.026678344369105052,1.3159157353785478,5.756255390872748
48kHz_DE_data\OR\Orthogonal\0021\OR021@3_1.mat,OR021@3_1.mat,DE,48000.0,3.0,外圈,3点位(Orthogonal),,0.021,,1770,-0.0004999206380956255,0.7647824105290973,0.7647825739223802,4.377995084035509,0.05232491975136253,5.821195998619577,7.611569872420216
48kHz_DE_data\OR\Orthogonal\0021\OR021@3_1.mat,OR021@3_1.mat,FE,48000.0,3.0,外圈,3点位(Orthogonal),,0.021,,1770,0.0001696650386420903,0.2277368633308858,0.22773692653150457,2.713278729201516,-0.15814101310299125,1.6243438688790066,7.132544965887642
48kHz_DE_data\OR\Orthogonal\0021\OR021@3_2.mat,OR021@3_2.mat,DE,48000.0,3.0,外圈,3点位(Orthogonal),,0.021,,1746,0.0005103487384856309,0.7192373987738959,0.7192375798377578,4.238338434366968,0.060920206371923906,4.775233119391144,6.639298686907209
48kHz_DE_data\OR\Orthogonal\0021\OR021@3_2.mat,OR021@3_2.mat,FE,48000.0,3.0,外圈,3点位(Orthogonal),,0.021,,1746,0.0011090857659151474,0.23594505533509183,0.2359476620107004,2.4821394605938885,-0.19665711197126157,1.7506596830843935,7.419694978816954
48kHz_DE_data\OR\Orthogonal\0021\OR021@3_3.mat,OR021@3_3.mat,DE,48000.0,3.0,外圈,3点位(Orthogonal),,0.021,,1719,-0.0005419407917823208,0.6738732880323139,0.6738735059514535,4.551508581481254,-0.09919814653603738,4.8690660919399305,7.225489723127211
48kHz_DE_data\OR\Orthogonal\0021\OR021@3_3.mat,OR021@3_3.mat,FE,48000.0,3.0,外圈,3点位(Orthogonal),,0.021,,1719,0.0003086879128599074,0.22013915165233397,0.22013936807948922,2.966332965227701,-0.253046991957101,1.6669710549673307,7.572344145030029
48kHz_Normal_data\N_0.mat,N_0.mat,DE,48000.0,3.0,正常,,正常位,,0.0,1796,-6.239739225320173e-05,0.07205326794461457,0.07205329496236089,-0.2401164664955897,-0.03804810533852875,0.29919574966148393,4.152422867237056
48kHz_Normal_data\N_0.mat,N_0.mat,FE,48000.0,3.0,正常,,正常位,,0.0,1796,-0.0005118988871615478,0.07804907038648289,0.07805074905896059,-0.26296125887748767,0.13536332249772506,0.3252932765926364,4.167714986910702
48kHz_Normal_data\N_1_(1772rpm).mat,N_1_(1772rpm).mat,DE,48000.0,3.0,正常,,正常位,,1.0,1772,-0.0016943760303868166,0.0651289741502284,0.06515101061375388,-0.11753003301610976,-0.17142355182481714,0.2816779486073099,4.323462459810954
48kHz_Normal_data\N_1_(1772rpm).mat,N_1_(1772rpm).mat,FE,48000.0,3.0,正常,,正常位,,1.0,1772,0.0002865806646190216,0.067306928365322,0.06730753846674174,-0.11190208237506649,0.1290905586818959,0.27436838028583116,4.076339538421883
48kHz_Normal_data\N_2_(1750rpm).mat,N_2_(1750rpm).mat,DE,48000.0,3.0,正常,,正常位,,2.0,1750,-0.0011951442747760211,0.06326255546366111,0.06327384367675419,-0.05997378211088966,-0.17637195563417626,0.34697509112265984,5.483704971287101
48kHz_Normal_data\N_2_(1750rpm).mat,N_2_(1750rpm).mat,FE,48000.0,3.0,正常,,正常位,,2.0,1750,-0.00021811801761883806,0.06529420012544934,0.06529456444063195,-0.13146280862224557,0.13284225065025465,0.279712050820765,4.283848942358575
48kHz_Normal_data\N_3.mat,N_3.mat,DE,48000.0,3.0,正常,,正常位,,3.0,1725,-0.0009795367101153318,0.06443216134426238,0.06443960666903177,-0.06899228686919567,-0.12868885459810278,0.268012360376782,4.1591247096420085
48kHz_Normal_data\N_3.mat,N_3.mat,FE,48000.0,3.0,正常,,正常位,,3.0,1725,3.8117040817299215e-05,0.0755081766861775,0.07550818630704753,-0.003724885972482994,0.024502009855033754,0.33329828871675843,4.4140682622335765
